"sub_region_1","y_var","POSTCODE","FIPS","STEMERG","STEMERGEND","CLSCHOOL","CLDAYCR","OPNCLDCR","CLNURSHM","STAYHOME","STAYHOMENOGP","END_STHM","CLBSNS","CURFEW","END_BSNS","RELIGEX","FM_ALL","FM_ALL2","FMFINE","FMCITE","FMNOENF","FM_EMP","FM_END","FM_STP","ALCOPEN","ALCREST","ALCDELIV","GUNOPEN","CLREST","ENDREST","RSTOUTDR","CLGYM","ENDGYM","CLMOVIE","END_MOV","CLOSEBAR","END_BRS","END_HAIR","END_RELG","ENDRETL","CURFEWEND","BCLBAR2","CLBAR2","CLMV2","CLHAIR2","CLGYM2","CLRST2","ENDREST2","END_BRS2","END_CLGYM2","END_CLMV2","CLBAR3","CLRST3","END_CLRST3","QRSOMEST","QR_ALLST","QR_END","VAC_PLAN","VAC_HCW","VAC_HCS","VAC_HHC","VAC_AHC","VAC_LTC","VAC_EMS","VAC_FF","VAC_LAW","VAC_CORR","VAC_INC","VAC_SHELTER","VAC_75","VAC_65","VAC_HR","VAC_K12","VAC_HIGHED","VAC_PT","VAC_FOOD","VAC_GROCERY","VAC_ESSWORK","VAC_ADDWORK","VAC_PUB","AGEPRIORITY","PROOFWORK","PROOFAGE","PROOFRES","PENALTY","EXPANDADMIN","EMSTART","EMEND","EMSTART2","EMEND2","EMSTART3","EMEND3","FREEZEINIT","LIFTINIT","FREEZEINIT2","LIFTINIT2","COURTCLOSE","COURTOPEN","COURTCLOSE2","COURTOPEN2","FREEZEENF","LIFTENF","FREEZEENF2","LIFTENF2","C19START","C19END","C19START2","C19END2","CARESSTART","CARESEND","CDCSTART","CDCEND","SMSTART","SMEND","SMSTART2","URSTART","UREND","SNAPALLO","SNAPEBT","SNAPSUSP","SNAPTLW","MED1135W","ACAENROL","PREVTLHL","TLHLAUD","TLHLMED","CHIPLKOT","LKOTSUS","TEST","CASE","HOSP","DEATH","VACCINE","TESTAIAN","CASEAIAN","HOSPAIAN","DEATHAIAN","VACCINEAIAN","VISITPER","VISITATT","VISITRES","NOCOPAY","NOPAYCOV","NOPAYALL","YESCOPAY","ELECPRCR","ENDELECP","ELECNOSTART","ELECPRCR2","ENDELECP2","WTPRD","WV_WTPRD","REI_WTPRD","WV_WKSR","REI_WKSR","UIQUAR","UIHIRISK","UICLDCR","UIEXTND","UIMAXAMT","UIMAXEXT","UIMAXDUR","UIMAXCAR","EBSTART","EBEND","TUR","TURPRIOR","TURPRIOR2","20EBSTART","20EBEND","UIMINBP","UIQTRNEED","UIOUTHQBP","UIREQBPL2Q","UIBPEARN300","UITAXWA","UIMINTAXR","UIMAXTAXR","UIAVGBFTAUG","LMABRN","TLHlBUPR","EXTOPFL","HMDLVOP","TLHLCL24","EXCEMORP","WVDEAREQ","PDSKLV","MEDEXP","POPDEN18","POP18","SQML","HMLS19","UNEMP18","POV18","RISKCOV","DEATH18","MH19","CASSTATE","AIANRESN","VBMEXC","VBMSIG","VBMPERM","VBMAUTOBAL","VBMAUTOAP","VBMGENELEC","CASCLOSE","CASOPEN","CASCLOSE2","CASOPEN2","CASTRIBCAS","MINWAGE2015","MINWAGE2016","MINWAGE2017","MINWAGE2018","MINWAGE2019","MINWAGEJAN2020","MINWAGEJUL2020","MINWAGESEP2020","MINWAGEOCT2020","TIPMINWAGE2020","MINWAGE2021","SMALLBUSMINWAGE","stay","length","Population","MedianAge","SexRatio","SexRatioGt65","YoungPopPcnt","Party","new_case","new_case_per_thousand"
"Alabama",-19,"AL","1","2020-03-13","0","2020-03-20","2020-03-20","2020-05-23","2020-03-19","2020-04-04","0","2020-04-30","2020-03-28","0","2020-04-30","0","2020-07-16","0","0","0","1","2020-05-11","0","0","1","2020-03-24","2020-03-24","1","2020-03-19","2020-05-11","0","2020-03-28","2020-05-11","2020-03-28","2020-05-22","2020-03-19","2020-05-11","2020-05-11","2020-05-11","2020-04-30","0","0","0","0","0","0","0","0","0","0","0","0","0","0","0","0","0","2021-02-15","1A","1A","1A","1A","1A","1A","1B","1B","1B","1B","1B","1B","1C","1C","1B","1B","1B","1B","1B","1B","1C","2","0","1","1","0","1","0","2020-04-03","2020-06-01","0","0","0","0","0","0","0","0","0","0","0","0","2020-04-03","2020-06-01","0","0","0","0","0","0","0","0","0","0","0","0","0","0","0","2020-03-24","2020-04-21","0","0","2020-03-23","0","0","2020-03-22","2020-03-16","0","0","0","1","0","1","1","0","0","0","0","1","2020-03-13","2020-03-13","0","0","0","1","0","2020-03-19","2020-04-30","0","0","0","0","2020-03-16","0","1","1","1","0","0","0","275","875","20","39","2020-05-31","2020-09-26","7","250","175","0","0","2340","2","780","0","Max Benefit < $300","8000","0.65","6.8","250.77","1","0","0","0","2020-03-20","0","0","0","0","93.24","4887871","52420","3261","5.6","16.8","43.1","54352","100.7","1","1","0","1","0","0","0","2020-10-29","2020-03-28","2020-05-22","0","0","0","7.25","7.25","7.25","7.25","7.25","7.25","7.25","7.25","7.25","2.13","7.25","0","1",26,4903185,39.4,93.5,90.4,0.131426817466606,"R",26712,5.44788744458959
"Alaska",-14,"AK","2","2020-03-11","2021-02-14","2020-03-16","0","0","0","2020-03-28","0","2020-04-24","2020-03-24","0","2020-04-24","0","2020-04-24","0","1","1","0","2020-04-24","2020-05-22","0","1","2020-03-17","2020-03-17","1","2020-03-18","2020-04-24","0","2020-03-18","2020-05-08","2020-03-18","2020-05-08","2020-03-18","2020-05-08","2020-04-24","2020-05-08","2020-04-24","0","0","0","0","0","0","0","0","0","0","0","0","0","0","0","2020-03-25","2021-02-14","2021-03-09","1A","1A","1A","1A","1A","1A","1C","1C","1B","1B","1B","1B","1B","1C","1B","1C","1C","1C","1C","1C","1C","2","1","0","0","0","0","0","2020-03-23","2020-07-01","0","0","0","0","2020-04-10","2020-07-01","0","0","2020-03-23","2020-04-24","0","0","0","0","0","0","2020-04-10","2020-07-01","0","0","0","0","2020-09-04","0","0","0","0","0","0","2020-04-01","2020-06-05","0","1","2020-04-02","0","0","2020-03-17","2020-03-20","0","0","0","1","1","1","1","0","1","1","1","1","2020-03-13","2020-03-13","0","0","1","0","0","2020-03-19","2020-04-20","0","0","0","0","2020-03-18","0","1","1","1","0","1","0","370","970","26","39","2020-05-03","0","-","-","-","2020-07-05","2020-12-12","2500","2","250","0","13636.36","41500","1","5.4","443.23","1","0","0","0","0","0","0","0","1","1.1100000000000001","737438","665384","1907","6.8","10.9","32.799999999999997","4453","429.9","0","1","0","1","0","0","2","2020-10-24","0","0","0","0","0","8.75","9.75","9.8000000000000007","9.84","10.19","10.19","10.19","10.19","10.19","10.19","10.34","0","1",27,731545,35,108.4,108.6,0.128723455153135,"R",663,0.906301047782433
"Arizona",-30,"AZ","4","2020-03-11","0","2020-03-16","0","0","0","2020-03-31","0","2020-05-16","2020-03-31","0","2020-05-08","1","0","0","0","0","0","2020-05-08","0","2020-03-30","1","2020-03-19","2020-03-19","1","2020-03-21","2020-05-11","0","2020-03-21","2020-05-13","2020-03-21","2020-05-16","2020-03-21","2020-05-16","2020-05-08","0","2020-05-08","0","2020-06-29","2020-06-29","2020-06-29","0","2020-06-29","0","0","0","0","0","0","0","0","2020-04-09","0","2020-05-12","2021-02-26","1A","1A","1A","1A","1A","1A","1B","1B","1B","1C","1C","1B","1B","1C","1B","1B","1B","1B","1B","1B","2","2","0","1","1","0","1","0","2020-03-24","2020-10-31","0","0","0","0","0","0","0","0","0","0","0","0","2020-03-24","2020-10-31","0","0","2020-03-24","2020-10-31","0","0","2020-03-27","2021-01-31","2020-09-04","2021-02-01","0","0","0","0","0","2020-04-01","2020-04-17","0","1","2020-03-23","0","0","2020-03-25","2020-03-25","1","1","0","1","1","1","1","0","1","1","1","1","2020-03-13","2020-03-13","0","0","1","0","0","2020-03-21","2020-05-01","0","0","0","0","2020-03-20","0","1","1","1","1","1","0","240","840","26","39","2020-06-14","2020-12-12","6.9","150","147","0","0","7020","2","2340","0","Max Benefit < $300","7000","0.05","12.85","237.99","0","0","0","0","0","2020-03-11","0","1","1","62.91","7171646","113990","10007","5.4","14","39.1","59282","132.9","1","1","0","0","0","0","0","2020-10-23","0","0","0","0","0","8.0500000000000007","8.0500000000000007","10","10.5","12","12","12","12","12","9","12.15","0","1",46,7278717,38.3,99,97.4,0.13388966764335,"R",36693,5.04113568366513
"Arkansas",-12,"AR","5","2020-03-11","0","2020-03-17","0","0","2020-03-13","0","0","0","2020-04-06","2020-11-19","2020-05-04","0","2020-07-20","0","1","1","0","2020-05-11","0","0","1","2020-03-19","2020-03-19","1","2020-03-20","2020-05-11","0","2020-03-20","2020-05-04","2020-03-20","2020-05-18","2020-03-20","2020-05-19","2020-05-06","0","2020-05-18","2021-01-03","0","0","0","0","0","0","0","0","0","0","0","0","0","2020-05-05","0","2020-06-15","2021-01-12","1A","1A","1A","1A","1A","1A","1A","1A","1B","1C","1C","1B","1C","1C","1B","1B","1B","1B","1B","1B","1C","2","0","0","0","0","0","0","0","0","0","0","0","0","0","0","0","0","0","0","0","0","0","0","0","0","0","0","0","0","2020-04-28","2020-07-25","0","0","2020-04-10","2/27/2021","0","4/10/2020","2021-02-27","2020-03-24","2020-05-21","0","0","2020-04-02","0","0","2020-03-13","2020-03-13","0","0","0","1","0","1","0","0","1","0","1","0","2020-03-16","2020-03-16","0","0","1","0","0","2020-04-03","2020-04-27","0","0","0","0","2020-03-17","0","1","1","1","0","0","0","451","1051","16","33","2020-05-31","2020-10-17","7.5","208","208","0","0","2835","2","1","0","31200","7000","0.1","6","223.84","1","0","0","0","0","0","0","0","1","56.67","3013825","53179","2717","4.5","17.2","43.5","32336","231.6","1","0","0","0","0","0","0","2020-10-27","2020-03-17","2020-05-18","0","0","0","7.5","8","8.5","8.5","9.25","10","10","10","10","2.63","11","1","0",0,3017804,38.8,95.6,93.3,0.133658779695434,"R",12905,4.2762883209115
"California",-44,"CA","6","2020-03-04","0","2020-03-23","0","0","0","2020-03-19","0","2021-01-25","2020-03-19","2020-11-21","2020-05-08","0","2020-06-18","0","0","0","1","2020-05-05","0","0","1","2020-03-19","2020-03-19","0","2020-03-16","2020-05-18","0","2020-03-19","0","2020-03-19","0","2020-03-16","0","2020-08-28","2020-05-25","2020-05-08","2021-01-25","0","0","0","0","0","2020-07-13","0","0","0","0","0","0","0","0","0","0","2021-02-13","1A","1A","1A","1A","1A","1A","1B","1B","1B","1B","1B","1B","1B","1C","1B","1B","1B","1B","1B","1B","^","^","0","0","0","0","1","1","2020-03-27","2020-09-02","0","0","0","0","2020-10-05","2021-07-01","0","0","2020-04-06","2020-10-04","0","0","2020-03-27","2020-06-01","0","0","2020-03-27","2020-06-01","2020-10-05","0","0","0","0","0","3/4/2020","0","0","3/4/2020","0","2020-03-30","2020-04-23","0","1","2020-03-23","2020-03-20","0","2020-03-30","2020-03-18","0","0","1","1","0","1","1","1","1","0","1","1","2020-03-11","2020-04-08","0","1","0","0","0","2020-03-19","2020-04-22","0","0","0","0","2020-03-12","0","1","1","1","1","0","0","450","1050","26","39","2020-05-10","0","-","-","-","2020-06-07","2021-01-16","1125","2","225","0","6900","7000","1.5","6.2","282.35000000000002","0","0","0","0","0","0","0","1","1","241.65","39557045","163695","151278","5.5","12.8","33.299999999999997","268818","356.2","1","1","0","0","0","1","0","0","0","0","0","0","0","9","10","10","11","12","12","12","12","12","12","13","1","1",88,39512223,37,98.8,97.3,0.131256598749202,"D",151141,3.82517075791964
"Colorado",-31,"CO","8","2020-03-11","0","2020-03-23","0","0","2020-03-12","2020-03-26","0","2020-04-27","2020-03-19","0","2020-05-01","1","2020-07-16","0","0","0","0","2020-04-23","0","0","1","2020-03-20","2020-03-20","1","2020-03-17","2020-05-27","0","2020-03-17","2020-06-04","2020-03-17","2020-06-18","2020-03-17","2020-06-18","2020-05-01","2020-06-04","2020-05-01","0","2020-06-30","2020-06-30","0","0","0","0","0","0","0","0","0","0","0","0","0","0","2021-02-26","1A","1B","1B","1B","1A","1B","1B","1B","1B","2","2","1B","1B","1B","1B","1B","1B","1B","1B","1B","1B","2","0","0","0","0","0","1","2020-04-30","2020-06-14","2020-10-21","2021-01-01","0","0","2020-04-30","2020-06-14","2020-10-21","2021-01-01","0","0","0","0","2020-04-30","2020-06-14","2020-10-21","2021-01-01","2020-05-29","2020-06-14","2020-10-21","2021-01-01","0","0","2020-10-15","2020-12-31","0","0","0","0","0","2020-04-01","2020-05-16","2020-04-10","1","2020-03-26","2020-03-20","0","2020-04-01","2020-03-20","0","0","0","1","1","1","1","0","1","1","1","1","2020-03-11","0","0","0","1","0","0","2020-03-23","2020-04-27","0","0","0","0","2020-03-20","0","1","2","0","0","0","0","618","1218","26","39","2020-05-31","2020-11-28","6.5","250","197","0","0","2500","1","0","0","13000","13600","0.57999999999999996","7.4","371.47","0","0","0","0","0","0","0","0","1","54.72","5695564","104094","9619","3.9","9.6","31.3","38526","356.4","1","1","0","0","1","0","0","0","2020-03-17","0","0","0","0","8.23","8.31","9.3000000000000007","10.199999999999999","12","12","12","12","12","8.98","12.32","1","1",32,5758736,37.1,101.8,100.7,0.129519220884583,"D",29250,5.07923961091462
"Connecticut",-33,"CT","9","2020-03-10","0","2020-03-17","0","0","2020-03-09","0","2020-03-23","2020-05-20","2020-03-23","2020-11-02","2020-05-20","0","2020-04-20","0","0","0","1","2020-04-03","0","0","1","2020-03-19","2020-04-24","1","2020-03-16","2020-05-20","1","2020-03-16","2020-06-17","2020-03-16","2020-06-17","2020-03-16","0","2020-06-01","2020-05-29","2020-05-20","0","0","0","0","0","0","0","0","0","0","0","0","0","0","2020-06-25","0","0","2021-02-03","1A","1A","1A","1A","1A","1A","1A","1A","1B","1B","1B","1B","1B","1B","1B","1B","1B","1B","1B","1B","^","^","0","0","0","0","0","1","2020-03-16","2021-02-10","0","0","0","0","2020-04-10","2021-02-10","0","0","2020-03-16","2020-09-14","0","0","2020-03-19","2021-01-03","0","0","0","0","0","0","0","0","2020-09-14","2021-02-09","2020-03-12","9/30/2020","0","3/18/2020","2020-05-02","2020-03-28","2020-04-24","2020-04-02","1","2020-03-27","2020-03-19","0","2020-03-19","2020-03-18","0","0","0","1","0","1","1","0","1","0","1","1","2020-03-13","0","0","0","0","1","0","0","0","0","0","0","1","0","0","1","1","0","0","1","0","649","1249","26","39","2020-04-26","0","-","-","-","2020-08-02","2020-12-12","600","1","0","0","15600","15000","0.5","5.4","289.08999999999997","0","0","0","0","0","0","0","1","1","644.54","3572665","5543","3033","5.5","10.4","36","31230","396.9","1","1","0","0","0","0","1","2020-11-02","0","0","0","0","1","9.15","9.6","10.1","10.1","11","11","11","12","12","6.38","12","0","0",0,3565287,41.2,95.7,93.4,0.134241366824045,"D",45228,12.6856547593504
"Delaware",-31,"DE","10","2020-03-13","0","2020-03-16","2020-04-06","2020-06-15","0","2020-03-24","0","2020-06-01","2020-03-24","2020-12-14","2020-05-08","1","2020-04-28","0","1","1","0","2020-05-01","0","0","1","2020-03-18","0","1","2020-03-16","2020-06-01","0","2020-03-19","2020-06-01","2020-03-19","2020-06-01","2020-03-16","2020-06-15","2020-06-08","2020-05-20","2020-05-20","2021-01-08","2020-07-03","0","0","0","0","0","0","0","0","0","0","0","0","0","2020-03-30","2020-06-01","2021-03-02","1A","1A","1A","1A","1A","1A","1B","1B","1B","1C","1C","1B","1B","1C","1B","1B","1B","1B","1B","1B","1C","3","0","0","0","0","0","0","2020-03-17","2020-07-01","0","0","0","0","2020-03-24","2020-07-01","0","0","2020-03-17","2020-07-01","0","0","2020-03-24","2020-07-01","0","0","0","0","0","0","2020-07-01","2021-01-31","2020-09-11","2021-01-31","2020-03-24","7/1/2020","0","0","0","2020-03-26","2020-04-30","2020-04-13","0","2020-03-27","0","1","2020-01-01","2020-03-18","0","0","1","1","0","1","1","0","0","0","0","0","2020-03-12","0","2020-09-01","0","1","0","0","0","0","2020-05-20","0","0","0","1","0","1","1","0","0","1","0","400","1000","26","39","2020-05-24","2021-01-09","6.4","160","178","2020-10-11","2020-12-19","720","1","0","0","13800","16500","0.1","8","238.98","0","0","0","0","0","0","0","0","1","388.58","967171","2489","921","5.7","12.5","41.3","9433","262.60000000000002","1","0","0","0","0","0","1","2020-11-02","2020-03-16","2020-06-01","0","0","0","8.25","8.25","8.25","8.75","9.25","9.25","9.25","9.25","9.25","2.23","9.25","0","1",69,973764,41.4,93.4,91.1,0.12131378855657,"D",10395,10.6750711671411
"District of Columbia",-60,"DC","11","2020-03-11","0","2020-03-16","0","0","0","2020-04-01","0","2020-05-29","2020-03-25","2020-11-23","2020-05-29","0","2020-04-17","0","1","0","0","2020-04-15","0","0","1","2020-03-17","2020-03-17","0","2020-03-16","2020-05-29","1","2020-03-17","2020-06-22","2020-03-17","2020-06-22","2020-03-16","2020-05-29","2020-05-29","2020-06-22","2020-06-22","2020-11-15","0","0","0","0","0","2020-12-23","2021-01-22","0","0","0","0","0","0","2020-07-27","0","0","2021-01-11","1A","1A","1A","1A","1A","1A","1A","1B","1B","1B","1B","1B","1B","1C","1B","1C","1B","1B","1B","1B","1C","2","0","0","0","0","0","0","2020-03-15","2021-01-31","0","0","0","0","2020-05-13","2020-12-16","0","0","2020-03-15","2021-01-31","0","0","2020-05-13","2021-01-31","0","0","0","0","0","0","0","0",NA,NA,"2020-03-27","1/31/2021","0","0","0","2020-04-01","2020-05-19","0","1","2020-04-03","2020-04-06","0","2020-03-19","2020-03-12","0","0","0","1","0","1","1","0","1","0","0","0","2020-03-15","2020-03-15","0","1","0","0","0","0","0","0","0","0","0","2020-03-17","0","1","1","1","0","0","0","444","1044","26","39","2020-05-24","0","-","-","-","2020-07-05","2021-01-16","1950","2","650","0","11700","9000","1.6","7","348.75","0","0","0","0","0","0","0","1","1","11496.81","702455","61.1","6521","7.5","16.2","31.8","5008","508.6","0","0","0","0","0","1","0","0","0","0","0","0","0","10.5","11.5","11.5","13.25","14","14","15","15","15","5","15","0","1",58,705749,34.3,90,87.4,0.124636379222641,"D",9796,13.8802888845751
"Florida",-33,"FL","12","2020-03-09","0","2020-03-17","0","0","2020-03-15","2020-04-03","0","2020-05-18","2020-04-03","0","2020-05-18","1","0","0","0","0","0","2020-05-11","0","0","1","2020-03-20","2020-03-20","1","2020-04-03","2020-05-18","0","2020-04-03","2020-05-18","2020-04-03","2020-06-05","2020-03-17","2020-06-05","2020-05-11","0","2020-05-18","0","2020-06-26","2020-06-26","0","0","0","0","0","2020-09-14","0","0","0","0","0","2020-03-24","0","2020-08-05","2021-03-03","1A","1A","1A","1A","1A","1A","^","^","^","^","^","1A","1A","^","^","^","^","^","^","^","^","^","1","0","0","1","0","0","2020-04-02","2020-10-01","0","0","0","0","2020-04-02","2020-07-29","0","0","0","0","0","0","0","0","0","0","2020-04-02","2020-10-01","0","0","0","0","0","0","0","0","0","0","0","2020-03-30","2020-05-27","0","0","2020-03-16","0","0","0","2020-03-18","1","0","0","1","1","1","1","0","0","0","0","1","2020-03-11","0","0","0","1","0","0","2020-03-20","2020-05-04","0","0","0","0","2020-03-31","0","1","1","1","0","0","0","275","875","12","25","2020-06-07","2020-11-07","8.6999999999999993","290","256","0","0","3400","2","1133","0","Max Benefit < $300","7000","0.1","5.4","232.04","0","0","0","0","0","0","0","0","0","323.89999999999998","21299325","65758","28328","5.2","13.6","42.1","205426","160.5","1","1","0","0","0","0","0","2020-10-24","0","0","0","0","0","8.0500000000000007","8.0500000000000007","8.1","8.25","8.56","8.56","8.56","8.56","8.56","5.54","8.65","0","1",45,21477737,42.4,95.6,93.5,0.115477342887661,"R",75333,3.50749243274559
"Georgia",-21,"GA","13","2020-03-14","0","2020-03-18","0","0","2020-04-03","2020-04-03","0","2020-05-01","2020-04-03","0","2020-05-01","0","0","0","0","0","0","2020-04-27","0","2020-07-15","1","2020-03-24","0","1","2020-04-03","2020-04-27","0","2020-04-03","2020-04-24","2020-04-03","2020-04-27","2020-03-24","2020-06-01","2020-04-24","0","2020-04-23","0","0","0","0","0","0","0","0","0","0","0","0","0","0","0","0","0","2021-02-24","1A","1A","1A","1A","1A","1A","1A","1A","1A","^","^","1A","1A","1C","1B","1B","1B","1B","1B","1B","^","^","1","0","0","0","0","0","0","0","0","0","0","0","0","0","0","0","0","0","0","0","0","0","0","0","0","0","0","0","2020-05-04","2020-08-25","0","0","0","0","0","0","0","2020-03-24","2020-06-05","2020-04-10","1","2020-04-01","0","0","2020-03-18","2020-03-18","0","0","0","1","1","1","1","0","1","1","1","1","2020-03-12","2020-03-16","0","0","1","0","0","0","0","2020-04-20","0","0","1","0","0","1","1","1","1","1","1","365","965","26","27","2020-05-10","2021-02-06","5.3","171","139","2020-07-05","2020-10-10","2200","2","1","0","12000","9500","0.04","7.56","256.8","0","0","0","0","0","2020-04-01","0","0","0","177.02","10519475","59425","10443","4.8","14.3","36.200000000000003","85202","137.30000000000001","1","1","0","0","0","0","0","2020-10-30","0","0","0","0","0","7.25","7.25","7.25","7.25","7.25","7.25","7.25","7.25","7.25","2.13","7.25","1","1",28,10617423,37.2,94.9,91.6,0.137561628655089,"R",57581,5.42325571845447
"Hawaii",-46,"HI","15","2020-03-04","0","2020-03-16","0","0","2020-03-17","2020-03-25","2020-05-07","2020-05-31","2020-03-25","0","2020-05-07","0","0","0","1","1","0","2020-06-10","0","0","1","2020-04-16","2020-04-16","1","2020-03-17","2020-06-05","0","2020-03-25","2020-06-19","2020-03-17","2020-06-19","2020-03-17","2020-06-26","2020-05-29","2020-05-18","2020-05-07","0","0","0","0","0","0","0","0","0","0","0","0","0","0","0","2020-03-26","0","2021-01-07","1A","1A","1A","1A","1A","1A","1B","1B","1B","2","2","1B","1C","1C","1B","1B","1B","1B","1B","1B","1C","2","0","0","0","0","0","0","2020-03-17","2021-02-15","0","0","0","0","2020-04-16","2021-02-15","0","0","2020-03-17","2020-04-27","0","0","2020-03-17","2021-02-15","0","0","0","0","0","0","0","0","0","0","5/4/2020","2/15/2021","0","5/4/2020","2021-02-15","2020-04-17","2020-05-28","0","1","2020-03-26","0","0","2020-04-15","2020-03-30","0","0","0","1","1","1","0","0","0","0","0","0","2020-03-13","0","0","0","0","0","1","0","0","2020-04-26","0","0","0","2020-03-16","0","1","1","0","0","0","0","648","1248","26","39","2020-05-17","0","-","-","-","0","0","130","2","1","0","7800","48100","0","5.6","449.2","0","0","0","0","0","0","0","0","1","129.94","1420491","10932","6412","3.8","8.8000000000000007","39.1","11415","250.5","0","0","0","0","1","0","0","0","0","0","0","0","0","7.75","8.5","9.25","10.1","10.1","10.1","10.1","10.1","10.1","9.35","10.1","0","1",67,1415872,39.6,100,98.4,0.117805140577679,"D",720,0.508520544229987
"Idaho",-17,"ID","16","2020-03-13","0","2020-03-24","0","0","0","2020-03-25","0","2020-05-01","2020-03-25","0","2020-05-01","0","0","0","0","0","0","0","0","0","1","2020-03-23","2020-03-23","1","2020-03-25","2020-05-16","0","2020-03-25","2020-05-16","2020-03-25","2020-05-30","2020-03-25","2020-05-30","2020-05-16","2020-05-01","2020-05-01","0","0","0","0","0","0","0","0","0","0","0","0","0","0","0","2020-04-15","2020-05-16","2021-02-23","1A","1A","1A","1A","1A","1A","1B","1B","1B","2","1B","1B","1B","1C","1B","2","1B","1B","1B","1B","1C","2","0","1","1","0","0","0","2020-03-16","2020-05-01","0","0","0","0","0","0","0","0","2020-03-16","2020-05-01","0","0","0","0","0","0","0","0","0","0","2020-05-04","2020-07-26","0","0","0","0","0","0","0","2020-04-02","0","0","1","2020-03-26","0","0","2020-04-06","2020-03-17","0","0","0","1","0","1","0","0","1","0","1","0","2020-03-13","0","0","0","0","1","0","0","0","0","0","0","0","2020-03-27","0","1","1","1","0","0","0","448","1048","20","33","2020-05-24","2020-08-22","6.6","228","228","0","0","2340","2","468","0","9750","41600","0.25","5.4","306.11","0","0","0","0","0","0","0","0","1","20.99","1754208","83569","2315","4","11.8","36.200000000000003","14261","208.8","1","1","0","0","0","0","2","2020-10-23","0","0","0","0","0","7.25","7.25","7.25","7.25","7.25","7.25","7.25","7.25","7.25","3.35","7.25","0","1",37,1787065,36.9,101,99.5,0.137434844283784,"R",3461,1.93669508383858
"Illinois",-35,"IL","17","2020-03-09","0","2020-03-17","2020-03-23","2020-05-29","0","2020-03-21","0","2020-05-29","2020-03-21","0","2020-05-29","0","2020-05-01","0","1","0","0","2020-05-01","0","0","1","2020-03-16","2020-03-16","1","2020-03-16","2020-05-29","1","2020-03-21","2020-05-29","2020-03-21","2020-06-26","2020-03-16","2020-06-26","2020-05-29","2020-05-01","2020-05-29","0","2020-11-20","2020-11-20","2020-11-20","0","0","2020-11-20","0","0","0","0","0","0","0","0","0","0","2021-02-11","1A","1A","1A","1A","1A","1A","1B","1B","1B","1B","2","1B","1B","1C","1B","2","1B","1B","1B","1B","1C","2","0","0","0","0","0","1","2020-03-21","2021-02-07","0","0","0","0","2020-04-23","2021-02-07","0","0","0","0","0","0","2020-03-21","2021-02-07","0","0","2020-11-13","2021-02-07","0","0","2020-03-28","2020-08-25","0","0","3/18/2020","2020-07-26","0","2020-06-18","2021-01-26","2020-04-01","2020-04-17","0","1","2020-03-23","0","0","2020-03-19","2020-03-19","0","0","1","1","0","1","1","1","1","0","1","1","2020-03-14","0","0","1","0","0","0","0","0","2020-05-11","0","0","0","2020-03-16","0","0","0","1","0","1","0","484","1084","26","39","2020-05-17","0","-","-","-","2020-07-05","2021-01-16","1600","2","440","0","16595.740000000002","12740","0.2","6.4","313.12","0","0","0","0","0","0","0","0","1","220","12741080","57914","10199","5.5","12.1","36.200000000000003","110022","228.8","1","0","0","0","0","0","1","2020-10-29","2020-03-16","2020-07-01","2020-11-20","0","0","8.25","8.25","8.25","8.25","9.25","9.25","10","10","10","6","11","1","1",69,12671821,38.6,96.3,94.3,0.130890264311657,"D",133845,10.5624124583199
"Indiana",-23,"IN","18","2020-03-06","0","2020-03-20","0","0","0","2020-03-25","0","2020-05-18","2020-03-25","0","2020-05-18","0","2020-07-27","0","0","0","0","2020-05-01","0","0","1","2020-03-23","0","1","2020-03-16","2020-05-18","0","2020-03-25","2020-06-01","2020-03-25","2020-06-12","2020-03-16","2020-06-12","2020-05-18","2020-05-08","2020-05-18","0","0","0","0","0","0","0","0","0","0","0","0","0","0","0","0","0","2021-03-02","1A","1A","1A","1A","1A","1A","1A","1A","1A","^","^","1B","1B","^","^","^","^","^","^","^","^","^","1","0","1","1","0","0","2020-03-19","2020-08-15","0","0","0","0","2020-03-19","2020-08-15","0","0","2020-03-19","2020-08-15","0","0","0","0","0","0","0","0","0","0","0","0","0","0","2020-03-19","2020-08-15","0","0","0","2020-03-27","2020-05-14","2020-04-13","0","2020-03-25","0","0","2020-03-30","2020-03-30","1","0","1","1","0","1","1","0","0","0","0","0","2020-03-12","0","0","0","1","0","0","2020-03-16","2020-04-27","0","0","0","0","2020-03-26","1","1","1","1","0","1","0","390","990","26","39","2020-06-07","2020-11-14","6.8","213","194","0","0","4200","2","1400","1","33191.49","9500","0.5","7.4","221.9","1","0","0","0","2020-03-28","0","0","0","1","183.74","6691878","36420","5471","4.4000000000000004","13.1","39.9","65693","160","1","0","1","0","0","0","0","2020-10-22","2020-03-16","2020-06-15","0","0","0","7.25","7.25","7.25","7.25","7.25","7.25","7.25","7.25","7.25","2.13","7.25","1","1",54,6732219,38,97.3,94.8,0.138556395744108,"R",40418,6.00366684446837
"Iowa",-25,"IA","19","2020-03-09","0","2020-04-02","0","0","0","0","0","0","2020-03-26","2020-11-17","2020-05-15","0","2020-11-16","0","0","0","0","2020-11-16","2021-02-07","0","1","2020-03-20","2020-03-20","1","2020-03-17","2020-05-15","0","2020-03-17","2020-05-15","2020-03-17","2020-05-22","2020-03-17","2020-05-28","2020-05-15","2020-05-01","2020-05-15","2020-12-10","2020-08-27","0","0","0","0","0","0","0","0","0","0","0","0","0","0","0","2021-01-21","1A","1A","1A","1A","1A","1A","1B","1B","1B","1B","1B","1B","1B","^","1B","^","1B","1B","1B","1B","^","^","0","0","0","0","0","0","2020-03-19","2020-05-28","0","0","0","0","2020-03-19","2020-05-28","0","0","0","0","0","0","0","0","0","0","0","0","0","0","2020-05-23","0","2020-10-02","2021-01-31","3/27/2020","2020-05-28","0","0","0","2020-03-25","2020-06-05","0","0","2020-03-25","0","0","2020-03-26","2020-03-13","0","1","0","1","0","1","1","0","1","0","1","1","2020-03-14","0","0","0","1","0","0","2020-03-27","2020-04-27","0","2020-11-17","2021-02-05","1","0","0","1","2","1","1","1","0","481","1081","26","39","2020-05-17","2020-10-31","5.9","211","236","0","0","2423","2","808","0","10350","31600","0","7.5","343.48","1","0","0","0","0","0","0","0","1","56.09","3156145","56273","2315","3.6","11.2","36.9","30367","155.69999999999999","1","1","0","0","0","0","1","2020-10-24","2020-03-16","2020-06-01","0","0","0","7.25","7.25","7.25","7.25","7.25","7.25","7.25","7.25","7.25","4.3499999999999996","7.25","0","0",0,3155070,38.5,99.1,97.3,0.136888246536527,"R",24061,7.6261382473289
"Kansas",-24,"KS","20","2020-03-12","0","2020-03-18","0","0","0","2020-03-30","0","2020-05-04","2020-03-30","0","2020-05-04","1","2020-07-03","0","0","0","1","2020-07-03","0","0","1","2020-03-18","0","1","2020-03-30","2020-05-04","0","2020-03-30","2020-05-18","2020-03-30","2020-05-22","2020-03-30","2020-06-08","2020-05-18","2020-05-04","2020-05-04","0","0","0","0","0","0","0","0","0","0","0","0","0","0","2020-03-23","0","0","2021-01-07","1","1","1","1","1","1","2","2","2","2","2","2","2","3","2","5","2","2","2","2","3","5","0","0","0","0","0","0","2020-03-17","2020-06-01","2020-08-19","0","0","0","0","0","0","0","2020-03-17","2020-04-03","0","0","2020-03-23","2020-06-01","2020-08-19","0","2020-03-23","2020-06-01","2020-08-19","2021-03-31","0","0","0","0","2020-03-16","2020-06-01","0","0","0","2020-04-01","2020-04-25","0","0","2020-03-24","0","0","2020-06-22","2020-04-01","1","1","1","1","1","1","1","1","1","1","1","1","2020-03-13","0","0","0","1","0","0","0","0","0","0","0","0","2020-03-31","0","1","1","0","0","0","1","488","1088","16","29","2020-06-07","2020-12-12","6","194","188","2020-07-05","2020-10-10","3660","2","1","0","9000","14000","0","7.1","341.68","0","0","0","0","0","0","0","0","0","35.39","2911505","82278","2381","3.8","12","38","27537","196.7","1","1","0","0","0","0","0","2020-10-27","2020-05-04","2020-05-22","0","0","1","7.25","7.25","7.25","7.25","7.25","7.25","7.25","7.25","7.25","2.13","7.25","0","1",35,2913314,37.2,98.6,97.2,0.141325995069533,"D",11412,3.91718846646808
"Kentucky",-24,"KY","21","2020-03-06","0","2020-03-17","2020-03-23","2020-06-08","0","0","2020-03-26","2020-06-29","2020-03-26","2020-08-11","2020-05-11","0","2020-05-11","0","0","0","1","2020-05-11","0","0","1","2020-03-16","2020-03-19","1","2020-03-16","2020-05-22","0","2020-03-18","2020-06-01","2020-03-18","2020-06-01","2020-03-16","2020-06-29","2020-05-25","2020-05-09","2020-05-20","0","2020-07-28","2020-07-28","0","0","0","2020-11-20","0","2020-08-11","0","0","2020-11-20","0","0","0","2020-04-02","2020-05-06","2021-02-08","1A","1A","1A","1A","1A","1A","1B","1B","1B","3","3","1B","1C","1C","1B","3","1C","1C","1C","1C","1C","3","1","0","0","0","0","0","2020-03-16","2020-08-25","0","0","0","0","2020-04-01","2020-08-01","0","0","2020-03-16","2020-08-01","0","0","2020-03-25","2020-08-25","0","0","0","0","0","0","2020-03-27","2021-01-31","2020-09-04","2020-12-31","2020-05-08","2020-11-06","0","0","0","2020-03-28","2020-05-20","0","1","2020-03-25","0","0","2020-03-18","2020-03-18","0","0","0","1","0","1","1","0","1","0","1","1","2020-03-11","0","0","0","1","0","0","2020-03-18","2020-05-06","0","0","0","0","2020-03-16","0","1","1","1","0","0","0","552","1152","26","39","2020-05-17","2020-11-28","6.8","158","158","2020-06-07","2020-09-12","3271","2","1090","1","25161.45","10800","0.3","9","319.88","1","0","0","0","0","0","0","0","1","110.58","4468402","40408","4079","5.2","16.899999999999999","43.6","48707","227.5","0","0","0","0","0","0","0","2020-10-27","0","0","0","0","0","7.25","7.25","7.25","7.25","7.25","7.25","7.25","7.25","7.25","2.13","7.25","0","0",0,4467673,39.2,96.9,94.5,0.131855666249522,"D",12632,2.8274226873811
"Louisiana",-26,"LA","22","2020-03-11","0","2020-03-16","0","0","2020-03-12","2020-03-23","0","2020-05-15","2020-03-23","0","2020-05-01","0","2020-08-07","0","1","1","0","2020-05-01","0","0","1","2020-03-16","2020-03-16","1","2020-03-17","2020-05-01","1","2020-03-17","2020-05-15","2020-03-17","2020-05-15","2020-03-17","2020-06-05","2020-05-15","2020-05-15","2020-05-15","0","2020-07-13","2020-07-13","0","0","0","0","0","0","0","0","0","0","0","0","0","0","2021-03-03","1A","1A","1B","1B","1A","1A","1A","1A","1B","^","^","1B","1B","^","1B","1B","1B","1B","1B","1B","^","^","0","0","0","0","1","1","2020-03-17","2020-06-16","0","0","0","0","0","0","0","0","2020-03-17","2020-06-16","0","0","0","0","0","0","0","0","0","0","0","0","0","0","2020-03-13","2020-07-16","0","0","0","2020-03-27","2020-05-20","2020-04-13","1","2020-03-23","0","0","2020-03-23","2020-03-13","1","1","0","1","0","1","1","0","1","0","1","1","2020-03-12","2020-03-12","0","0","0","1","0","2020-03-19","2020-04-27","0","0","0","0","2020-03-13","0","1","1","1","0","1","0","247","847","26","39","2020-05-10","2021-01-23","8.6","169","179","0","0","1200","2","400","0","Max Benefit < $300","7700","0.09","6","180.86","1","0","0","0","0","0","0","0","1","88.97","4659978","52378","2941","6.4","18.600000000000001","42.1","46048","264.60000000000002","1","1","1","1","0","0","0","2020-10-30","2020-03-17","2020-05-18","0","0","0","7.25","7.25","7.25","7.25","7.25","7.25","7.25","7.25","7.25","2.13","7.25","0","1",53,4648794,37.7,95.3,92.2,0.129145752640362,"D",47139,10.1400492256701
"Maine",-29,"ME","23","2020-03-15","0","2020-04-02","0","0","0","2020-04-02","0","2020-05-31","2020-03-25","2020-11-20","2020-05-01","0","2020-05-01","0","1","0","0","2020-05-01","0","0","1","2020-03-18","2020-03-18","1","2020-03-18","2020-06-01","1","2020-03-25","2020-06-17","2020-03-25","2020-07-01","2020-03-18","2020-06-17","2020-06-17","2020-05-29","2020-06-01","2021-02-01","0","0","0","0","0","0","0","0","0","0","0","0","0","2020-06-12","2020-04-03","0","2021-02-26","1A","1A","1A","1A","1A","1A","1A","1A","1A","2","2","1B","1B","1B","1B","1B","1B","1B","1B","1B","1C","2","0","1","1","1","0","0","2020-03-18","2020-08-03","0","0","0","0","0","0","0","0","2020-03-18","2020-08-03","0","0","2020-04-16","2020-08-03","0","0","0","0","0","0","0","0","0","0","3/16/2020","2020-11-01","0","0","0","2020-03-28","2020-05-20","0","1","2020-04-07","0","0","2020-03-20","2020-03-20","1","1","0","1","1","1","1","0","1","1","1","1","2020-03-14","0","2020-07-13","0","1","0","0","0","0","0","0","0","0","2020-03-15","0","1","2","1","0","0","0","445","1045","26","39","2020-05-10","2020-11-14","7.7","266","233","0","0","5336","2","1779","0","13200","12000","0.06","5.46","294.52999999999997","0","0","2020-03-24","0","0","0","0","0","1","37.83","1338404","35380","2106","3.5","11.6","42.5","14715","474.6","1","1","0","0","0","0","0","2020-10-29","0","0","0","0","0","7.5","7.5","9","10","12","12","12","12","12","6","12.15","0","1",59,1344212,45.1,95.4,93.6,0.113451598408584,"D",2814,2.09341978795011
"Maryland",-34,"MD","24","2020-03-05","0","2020-03-16","2020-03-30","2020-06-19","2020-04-05","2020-03-30","0","2020-05-15","2020-03-23","2020-11-20","2020-05-15","0","2020-04-18","0","1","1","0","2020-04-18","0","0","1","2020-03-19","0","1","2020-03-16","2020-05-29","1","2020-03-16","2020-06-19","2020-03-16","2020-09-01","2020-03-16","2020-06-12","2020-05-15","2020-05-15","2020-05-15","2021-02-01","0","0","0","0","0","0","0","0","0","0","0","0","0","2020-12-17","0","0","2021-02-10","1A","1A","1A","1A","1A","1A","1A","1A","1A","2","1B","1B","1C","2","1B","3","1C","1C","1C","1C","2","3","1","0","0","0","1","1","2020-03-16","0","0","0","0","0","0","0","0","0","2020-03-18","2020-07-25","2020-11-16","0","0","0","0","0","2020-03-16","2021-01-31","0","0","2020-03-27","2020-08-25","2020-09-04","0","3/16/2020","2020-11-16","0","0","0","2020-04-01","2020-04-28","2020-04-13","1","2020-03-26","2020-04-01","0","2020-04-01","2020-03-12","0","0","0","1","0","1","1","0","0","0","0","1","2020-03-12","0","0","0","0","1","0","2020-03-24","2020-05-07","0","0","0","1","0","0","1","1","1","1","1","0","430","1030","26","39","2020-05-31","2020-12-12","7.5","214","197","0","0","1800","2","600","0","10800","8500","0.3","7.5","305.52","0","0","0","0","0","0","0","1","1","487.08","6042718","12406","6561","4.9000000000000004","9","37.1","50568","257.39999999999998","1","0","0","0","0","0","1","2020-10-20","2020-03-16","2020-06-19","0","0","0","8.25","8.75","8.75","10.1","11","11","11","11","11","3.63","11.75","0","1",46,6045680,39,93.9,91.3,0.124606992100144,"R",62397,10.3209233700758
"Massachusetts",-40,"MA","25","2020-03-10","0","2020-03-17","2020-03-23","2020-06-08","2020-03-16","2020-03-24","0","2020-05-18","2020-03-24","2020-11-06","2020-05-18","0","2020-05-06","0","1","0","0","2020-05-06","0","0","1","2020-04-03","2020-04-03","0","2020-03-17","2020-06-08","1","2020-03-24","2020-07-13","2020-03-24","2020-07-13","2020-03-17","0","2020-05-25","2020-05-18","2020-06-08","2021-01-25","0","0","0","0","0","0","0","0","0","0","0","0","0","2020-07-01","2020-03-27","0","2021-03-16","1","1","1","1","1","1","1","1","1","1","1","2","2","2","2","3","2","2","2","2","2","3","0","1","1","0","0","1","2020-03-13","2020-10-18","0","0","0","0","2020-04-20","2020-10-18","0","0","2020-03-13","2020-10-18","0","0","2020-04-20","2020-10-18","0","0","0","0","0","0","0","0","2020-09-04","2021-01-31","3/24/2020","2020-11-16","0","0","0","2020-03-25","2020-04-17","2020-04-10","1","2020-03-26","2020-03-11","0","2020-03-16","2020-03-12","1","0","0","1","1","1","1","0","1","1","1","1","2020-03-12","0","2020-07-08","0","0","1","0","2020-03-18","2020-05-18","0","0","0","0","2020-03-18","0","1","1","1","0","0","0","823","1423","26","39","2020-05-03","0","-","-","-","2020-07-05","2021-01-16","5100","1","0","0","31200","15000","0.94","14.37","396.96","0","0","0","0","0","2020-04-06","0","1","1","653.98","6902149","10554","18471","4.8","10","34.6","59152","626.6","1","1","0","0","0","0","1","2020-10-28","2020-03-14","2020-07-06","0","0","0","9","10","11","11","12.75","12.75","12.75","12.75","12.75","4.95","13.5","0","1",55,6892503,39.7,94.3,92,0.135760985522966,"R",105581,15.3182378012748
"Michigan",-36,"MI","26","2020-03-10","0","2020-03-16","2020-03-24","2020-06-08","2020-03-14","2020-03-24","0","2020-06-01","2020-03-24","2021-02-01","2020-05-26","1","2020-04-27","0","1","1","0","2020-04-26","0","0","1","0","0","0","2020-03-16","2020-06-08","0","2020-03-16","2020-09-09","2020-03-16","2020-10-09","2020-03-16","2020-06-08","2020-06-15","0","2020-06-04","0","2020-07-01","2020-07-31","0","0","0","0","0","0","0","0","0","0","0","0","0","0","2021-02-15","1A","1A","1A","1A","1A","1A","1B","1B","1B","2","2","1B","1C","1C","1B","2","1B","1B","1B","1B","1C","2","0","0","0","0","0","0","2020-03-20","2020-07-16","0","0","0","0","2020-03-20","2020-07-16","0","0","0","0","0","0","2020-03-20","2020-07-16","0","0","0","0","0","0","2020-03-27","2020-07-26","2020-10-22","2021-04-01","0","0","0","2020-03-28","2020-10-02","2020-03-24","2020-04-09","2020-04-09","1","2020-04-06","0","1","2020-01-01","2020-03-12","0","0","0","1","0","1","1","0","1","0","1","1","2020-03-13","0","0","0","1","0","0","2020-03-21","2020-05-29","0","0","0","1","0","0","1","1","1","1","1","1","362","962","26","33","2020-04-26","0","-","-","-","2020-11-08","0","5501","2","1834","0","10975.61","9000","0","6.3","297.61","0","0","0","0","0","0","0","1","1","103.36","9995915","96714","8575","5.3","14.1","41.2","98903","265.39999999999998","1","1","0","0","0","0","1","2020-10-30","2020-03-16","2020-08-05","0","0","0","8.15","8.5","8.9","9.25","9.65","9.65","9.65","9.65","9.65","3.67","9.65","1","1",69,9986857,39.8,96.9,95,0.132973967685729,"D",66060,6.61469369191929
"Minnesota",-33,"MN","27","2020-03-13","0","2020-03-18","0","0","0","2020-03-28","0","2020-05-18","2020-03-28","2020-11-13","2020-04-27","0","2020-07-24","0","0","0","0","2020-06-01","0","0","1","2020-04-18","0","1","2020-03-17","2020-06-01","1","2020-03-17","2020-06-10","2020-03-17","2020-06-10","2020-03-17","2020-06-10","2020-06-01","2020-05-18","2020-05-18","0","2020-11-21","2020-11-21","2020-11-21","0","2020-11-21","2020-11-21","0","0","0","0","0","0","0","0","0","0","2021-03-02","1A","1A","1A","1A","1A","1A","1B","1B","1B","2","1A","1B","1B","1B","1B","1B","1B","1B","1B","1B","1C","2","0","0","0","0","0","1","2020-03-16","2021-02-13","0","0","0","0","2020-03-24","2021-02-13","0","0","2020-03-16","2020-03-23","0","0","2020-03-24","2021-02-13","0","0","0","0","0","0","0","0","0","0","6/18/2020","2021-02-13","0","0","0","2020-04-13","2020-05-27","2020-04-13","1","2020-03-27","2020-03-20","0","2020-04-16","2020-03-28","0","0","0","1","1","1","0","0","1","1","1","0","2020-03-11","0","2020-07-22","0","0","1","0","2020-03-23","2020-05-10","0","0","0","0","2020-04-06","0","0","0","1","0","1","0","740","1340","26","39","2020-05-03","2020-12-19","5","152","172","2020-08-02","2020-10-31","2962","1","0","0","7800","35000","0.1","9","372.82","0","0","0","0","0","0","0","0","1","64.540000000000006","5611179","86936","7977","3.4","9.6","33.9","44745","250.7","1","1","0","0","0","0","0","2020-11-02","0","0","0","0","0","9","9.5","9.5","9.86","10","10","10","10","10","8.15","10.08","1","1",51,5639632,38.4,98.9,97.4,0.125669901865937,"D",30868,5.47340677547755
"Mississippi",-12,"MS","28","2020-03-14","0","2020-03-20","0","0","2020-03-24","2020-04-03","0","2020-04-27","2020-04-03","2020-05-07","2020-04-27","0","2020-08-05","0","0","0","1","2020-05-07","2020-09-30","0","1","2020-03-19","0","1","2020-04-03","2020-05-07","0","2020-04-03","2020-05-11","2020-04-03","2020-06-01","2020-04-03","2020-06-01","2020-05-11","0","2020-04-27","2020-06-15","0","0","0","0","0","0","0","0","0","0","0","0","0","0","0","0","2021-03-03","1A","1A","1A","1A","1A","1A","1B","1B","^","^","^","1B","1B","1B","1B","^","^","^","^","^","^","^","1","0","0","0","0","0","2020-04-03","2020-06-01","0","0","0","0","0","0","0","0","0","0","0","0","2020-04-03","2020-06-01","0","0","0","0","0","0","0","0","0","0","3/15/2020","2020-05-27","0","0","0","2020-03-27","2020-05-20","2020-04-10","0","2020-03-23","0","0","2020-03-16","2020-04-10","0","0","0","1","0","1","1","0","1","0","1","1","2020-03-12","0","0","0","1","0","0","2020-03-19","2020-04-27","0","2020-12-15","2021-01-22","0","2020-03-21","2020-12-27","1","2","1","0","0","0","235","835","26","39","2020-05-17","2020-12-19","7","125","143","0","0","1200","2","420","0","Max Benefit < $300","14000","0","5.4","184.37","1","0","0","0","0","2020-03-30","0","0","0","61.66","2986530","48432","1184","7.1","19.7","42.5","32301","159","1","1","1","0","0","0","0","0","2020-03-16","2020-05-21","0","0","0","7.25","7.25","7.25","7.25","7.25","7.25","7.25","7.25","7.25","2.13","7.25","0","1",24,2976149,38.3,93.1,90.7,0.139592137356026,"R",20146,6.76915033487907
"Missouri",-21,"MO","29","2020-03-13","0","2020-03-23","0","0","2020-03-23","2020-04-06","0","2020-05-04","2020-04-03","0","2020-05-04","1","0","0","0","0","0","0","0","0","1","2020-04-14","0","1","2020-03-23","2020-05-04","0","2020-04-03","2020-05-04","2020-04-03","0","2020-03-23","2020-05-04","2020-05-04","2020-05-27","2020-05-04","0","0","0","0","0","0","0","0","0","0","0","0","0","0","0","0","0","2021-03-03","1A","1A","1A","1A","1A","1A","1B","1B","1B","3","2","1B","1B","1B","1B","2","1B","1B","1B","1B","3","3","0","0","0","0","0","1","0","0","0","0","0","0","0","0","0","0","0","0","0","0","0","0","0","0","0","0","0","0","0","0","0","0","0","0","0","0","0","2020-03-30","2020-05-20","0","0","2020-03-25","0","0","2020-03-26","2020-03-23","1","1","1","1","0","1","1","1","1","0","1","1","2020-03-12","0","2020-06-25","1","0","0","0","0","0","0","0","0","0","2020-03-18","2020-07-05","1","2","1","0","0","0","320","920","20","26","2020-05-31","2020-10-10","7.2","225","240","0","0","2250","2","750","0","15000","11500","0","5.4","238.5","0","0","0","0","0","0","0","0","0","87.89","6126452","69707","6179","4.2","13.2","40.5","63117","193.7","1","0","0","1","0","0","0","2020-10-21","2020-03-17","2020-06-01","0","0","0","7.65","7.65","7.7","7.85","9.4499999999999993","9.4499999999999993","9.4499999999999993","9.4499999999999993","9.4499999999999993","4.7300000000000004","10.3","1","1",28,6137428,38.9,96.1,93.8,0.129244204575597,"R",16240,2.64605955458866
"Montana",-21,"MT","30","2020-03-12","0","2020-03-16","0","0","2020-03-15","2020-03-28","0","2020-04-26","2020-03-28","2020-11-20","2020-04-27","0","0","0","0","0","0","2020-07-15","2021-02-12","0","1","2020-04-27","2020-04-27","1","2020-03-20","2020-05-04","0","2020-03-20","2020-05-15","2020-03-20","2020-05-15","2020-03-20","2020-05-04","2020-04-27","2020-04-26","2020-04-27","2021-01-15","0","0","0","0","0","0","0","0","0","0","0","0","0","0","2020-03-30","2020-06-01","2021-03-02","1A","1A","1A","1A","1A","1A","1C","1C","1C","1C","1C","1B","1B","1B","1C","1C","1C","1C","1C","1C","2","2","1","0","0","0","0","0","2020-03-30","2020-05-25","0","0","0","0","2020-03-30","2020-05-25","0","0","0","0","0","0","2020-03-30","2020-05-25","0","0","2020-04-13","2020-05-25","0","0","0","0","0","0","3/30/2020","2020-05-25","0","0","0","2020-04-01","2020-06-26","2020-04-10","1","2020-03-30","0","0","2020-03-20","2020-03-19","0","0","0","1","1","1","0","0","1","1","1","0","2020-03-13","0","0","1","0","0","0","0","0","0","0","0","0","2020-03-17","0","1","2","1","0","0","0","552","1152","28","41","2020-05-03","2020-11-14","5.8","166","161","0","0","2982","2","994","0","15789.47","34100","0","6.12","345.61","0","0","0","0","0","0","0","0","1","7.22","1062305","147040","1357","3.5","13","39","9992","295.3","1","1","0","0","0","2","0","0","2020-03-20","2020-05-04","0","0","0","8.0500000000000007","8.0500000000000007","8.15","8.3000000000000007","8.65","8.65","8.65","8.65","8.65","4","8.75","1","1",29,1068778,40.5,101,99.6,0.129467485296292,"R",611,0.57168092906104
"Nebraska",-22,"NE","31","2020-03-13","0","2020-04-03","0","0","0","0","0","0","2020-04-09","0","2020-06-01","0","0","0","0","0","0","2020-05-04","0","2020-05-29","1","2020-03-19","2020-03-19","1","2020-04-03","2020-06-01","0","2020-04-03","0","2020-04-09","2020-06-22","2020-04-03","2020-06-22","2020-06-01","2020-05-04","0","0","0","0","0","0","0","0","0","0","0","0","0","0","0","0","0","0","2021-02-22","1A","1A","1A","1A","1A","1A","1B","1B","1B","1C","1C","1B","1B","1B","1B","1B","1B","1B","1B","1B","2","2","0","0","0","1","0","0","2020-03-25","2020-05-31","0","0","0","0","0","0","0","0","2020-03-25","2020-05-31","0","0","0","0","0","0","2020-03-25","2020-05-31","0","0","0","0","0","0","3/24/2020","2020-08-15","0","0","0","2020-04-07","2020-06-18","0","0","2020-04-02","0","0","2020-03-23","2020-03-17","0","0","0","1","1","1","1","0","1","1","1","1","2020-03-16","0","0","1","0","0","0","2020-04-03","2020-05-04","0","0","0","0","2020-03-17","1","1","2","1","0","0","0","440","1040","26","39","2020-06-14","2020-09-12","5.2","168","179","0","0","4324","2","800","0","31200","9000","0","5.4","290.86","1","0","0","0","0","0","0","0","1","24.94","1929268","77348","2365","3.5","11","36.6","16904","254.7","1","1","0","0","0","2","1","2020-10-23","0","0","0","0","0","8","9","9","9","9","9","9","9","9","2.13","9","1","0",0,1934408,36.8,99.9,97.9,0.13667850836018,"R",16841,8.70602272116327
"Nevada",-36,"NV","32","2020-03-12","0","2020-03-16","0","0","0","2020-03-31","0","2020-05-09","2020-03-21","0","2020-05-09","0","2020-06-26","0","1","1","0","2020-05-09","0","0","0","0","0","1","2020-03-21","2020-05-09","0","2020-03-21","2020-05-29","2020-03-21","2020-05-29","2020-03-21","2020-05-29","2020-05-09","2020-05-29","2020-05-09","0","2020-07-10","0","0","0","0","0","0","0","0","0","0","0","0","0","0","0","2021-01-12","1A","1A","1A","1A","1A","1A","1B","1B","1B","2","1C","1B","1C","1C","1B","1B","1B","1B","1B","1B","1B","2","0","0","0","0","0","1","2020-03-30","2020-10-15","2020-12-15","0","0","0","2020-03-30","2020-10-15","2020-12-15","0","2020-03-30","2020-09-01","2020-12-15","0","2020-03-30","2020-09-01","2020-12-15","0","2020-12-15","0","0","0","0","0","2020-12-15","0","0","0","0","0","0","2020-04-07","2020-07-10","2020-05-13","1","2020-04-07","2020-03-17","0","2020-03-17","2020-03-17","1","1","1","1","0","1","1","1","1","0","1","1","2020-03-07","2020-03-16","0","0","0","0","1","0","0","0","0","0","0","2020-03-18","0","1","1","0","0","0","0","469","1069","26","39","2020-05-03","0","-","-","-","2020-06-07","2021-01-16","600","2","200","0","11250","32500","0.25","5.4","333.17","0","0","0","0","0","0","2020-04-08","1","1","27.44","3034392","110572","7169","5.6","12.9","36.1","24715","211.6","1","1","0","0","0","1","0","0","2020-03-17","2020-06-04","0","0","0","8.25","8.25","8.25","8.25","8.25","8.25","9","9","9","8","8","1","1",39,3080156,38.4,100.6,99.5,0.119317657936806,"D",11286,3.66410012999342
"New Hampshire",-28,"NH","33","2020-03-13","0","2020-03-16","0","0","2020-03-16","2020-03-28","0","2020-06-16","2020-03-28","0","2020-05-11","0","2020-11-20","0","0","0","0","2020-05-01","0","0","1","2020-03-18","2020-03-18","1","2020-03-16","2020-05-18","0","2020-03-28","2020-06-01","2020-03-28","2020-06-29","2020-03-16","2020-06-15","2020-05-11","2020-05-29","2020-05-11","0","0","0","0","0","0","0","0","0","0","0","0","0","0","2020-11-15","0","0","2021-01-16","1A","1A","1A","1A","1A","1A","1A","1A","1B","3B","3B","1B","1B","3A","2A","3B","3B","3B","3B","3B","3B","3B","1","0","0","1","0","1","2020-03-17","2020-07-01","0","0","0","0","2020-03-17","2020-07-01","0","0","0","0","0","0","2020-03-17","2020-07-01","0","0","0","0","0","0","2020-03-27","2021-02-23","2020-09-08","0","2020-03-17","0","0","0","0","2020-04-01","2020-05-12","2020-04-13","0","2020-03-23","0","0","2020-03-18","2020-03-17","0","0","0","1","1","1","0","0","1","0","1","0","2020-03-16","2020-03-16","2020-08-10","0","1","0","0","0","0","0","0","0","0","2020-03-17","0","0","0","1","1","1","0","427","1027","26","39","2020-05-10","2020-12-05","5.5","212","220","2020-07-05","2020-10-10","2800","2","1400","0","27272.73","14000","0.1","7.5","260.52999999999997","0","0","0","0","0","2020-04-06","0","0","1","145.09","1356458","9349","1396","3.6","7.6","40.5","12774","307.3","1","0","0","1","0","0","0","0","0","0","0","0","0","7.25","7.25","7.25","7.25","7.25","7.25","7.25","7.25","7.25","3.26","7.25","0","1",79,1359711,43,98,96.6,0.126534241467488,"R",5339,3.92656969017681
"New Jersey",-47,"NJ","34","2020-03-09","0","2020-03-18","2020-03-18","2020-06-15","2020-06-19","2020-03-21","0","2020-06-09","2020-03-21","2020-11-10","2020-05-18","0","2020-04-08","0","1","1","0","2020-04-08","0","0","1","2020-03-21","2020-03-30","1","2020-03-16","2020-06-15","1","2020-03-16","2020-09-01","2020-03-16","2020-09-04","2020-03-16","2020-06-15","2020-06-22","2020-06-09","2020-06-15","2021-02-05","0","0","0","0","0","0","0","0","0","0","0","0","0","0","0","0","2020-12-28","1A","1A","1A","1A","1A","1A","1B","1B","^","^","^","1B","1C","1C","^","^","^","^","^","^","^","2","1","0","0","0","1","0","2020-03-16","2021-01-31","0","0","0","0","0","0","0","0","2020-03-16","2021-01-31","0","0","2020-03-19","2021-01-31","0","0","0","0","0","0","2020-03-27","2020-07-25","0","0","4/13/2020","0","0","2020-04-13","0","2020-03-25","2020-05-08","2020-04-13","1","2020-03-23","0","0","2020-03-22","2020-03-20","1","1","0","1","1","1","1","0","0","0","0","0","2020-03-14","0","0","0","1","0","0","2020-03-27","2020-05-26","0","0","0","1","0","0","1","1","1","0","1","0","713","1313","26","39","2020-05-03","0","-","-","-","2020-07-05","0","4400","2","0","0","26000","35300","0.4","5.4","395.1","0","0","0","0","0","0","0","1","1","1021.27","8908520","8723","8862","4.9000000000000004","9.5","34.6","75765","220.7","1","0","0","0","0","1","0","0","2020-03-16","2020-06-26","0","0","0","8.3800000000000008","8.3800000000000008","8.44","8.6","11","11","11","11","11","3.13","12","0","1",80,8882190,40.2,95.7,93.3,0.122857088173074,"D",167672,18.8773264251271
"New Mexico",-27,"NM","35","2020-03-11","0","2020-03-16","0","0","2020-03-13","2020-03-24","0","0","2020-03-24","2020-10-16","2020-05-16","1","2020-05-15","0","0","0","1","2020-05-06","0","0","0","0","0","0","2020-03-20","2020-05-27","1","2020-03-19","2020-06-01","2020-03-19","0","2020-03-19","0","2020-06-01","2020-05-16","2020-05-16","2020-11-13","0","0","0","2020-11-16","2020-11-16","2020-07-13","2020-08-29","0","0","0","0","2020-11-16","2020-12-02","2020-09-04","2020-07-01","2021-02-11","2021-01-28","1A","1A","1A","1A","1A","1A","1B","1B","1A","1B","1B","1B","1C","1B","1B","2","1B","1B","1B","1B","1C","2","0","1","0","0","0","0","2020-03-24","2021-01-31","0","0","0","0","0","0","0","0","0","0","0","0","2020-03-24","2021-01-31","0","0","0","0","0","0","0","0","0","0","2020-03-19","2021-02-06","0","0","0","2020-03-27","2020-04-28","0","1","2020-03-23","0","0","2020-03-20","2020-03-20","0","0","0","1","1","1","1","0","1","1","1","1","2020-03-12","2020-03-16","0","1","0","0","0","2020-03-27","2020-04-30","0","2020-12-11","2021-02-05","0","2020-03-15","0","1","1","1","0","0","0","511","1111","26","39","2020-05-17","0","-","-","-","0","0","2089.7199999999998","2","1","0","7289.72","25800","0.33","5.4","315.11","0","0","0","0","0","0","0","0","1","17.23","2095428","121590","3241","6.1","19.5","39.4","19007","388.8","1","1","0","0","0","0","2","2020-10-20","2020-03-16","0","0","0","1","7.5","7.5","7.5","7.5","9","9","9","9","9","2.35","10.5","0","1",0,2096829,38.6,97.8,95.9,0.132058932798049,"D",9838,4.69184659311751
"New York",-51,"NY","36","2020-03-07","0","2020-03-18","0","0","2020-03-13","2020-03-22","0","2020-06-27","2020-03-22","2020-11-13","2020-06-08","1","2020-04-17","0","1","0","0","2020-04-17","0","0","1","2020-03-16","2020-03-16","0","2020-03-17","2020-06-22","1","2020-03-16","0","2020-03-16","0","2020-03-16","0","2020-06-22","2020-06-22","2020-06-08","2021-03-16","0","0","0","0","0","0","0","0","0","0","0","0","0","2020-06-25","0","0","2021-03-03","1A","1A","1A","1A","1A","1A","1B","1B","1B","1B","1B","1B","1B","^","1B","1B","1B","^","1B","^","^","^","0","1","1","1","1","1","2020-03-16","0","0","0","0","0","2020-03-22","2020-07-07","0","0","2020-03-16","2020-10-12","2020-12-28","2021-02-27","2020-03-16","2021-01-31","0","0","2020-06-20","0","0","0","0","0","0","0","2020-06-17","2021-01-31","0","2020-06-17","2021-01-31","2020-04-01","2020-05-06","0","1","2020-03-26","2020-03-16","0","2020-03-15","2020-03-01","0","0","0","0","0","1","1","0","0","0","0","0","2020-03-14","0","2020-08-05","1","0","0","0","2020-03-20","2020-06-08","0","0","0","0","2020-03-12","0","0","0","0","0","0","0","504","1104","26","39","2020-05-03","0","-","-","-","2020-07-05","0","3900","2","1300","0","11250","11600","0","6.9","333.83","0","0","0","0","2020-03-27","0","0","0","1","358.21","19542209","54555","92091","5","13.6","36.9","157183","291.10000000000002","1","1","0","0","0","0","2","2020-10-27","2020-03-16","2020-09-09","0","0","1","8.75","9","9.6999999999999993","10.4","11.8","11.8","11.8","11.8","11.8","7.85","12.5","0","1",85,19453561,39.2,94.5,91.9,0.126075426499035,"D",173374,8.91219864579035
"North Carolina",-25,"NC","37","2020-03-10","0","2020-03-16","0","0","2020-03-25","2020-03-30","0","2020-05-22","2020-03-30","2020-12-11","2020-05-08","1","2020-06-26","0","0","1","0","2020-06-26","0","0","1","2020-03-17","2020-03-17","1","2020-03-18","2020-05-22","0","2020-03-25","2020-09-04","2020-03-25","0","2020-03-17","0","2020-05-22","2020-05-16","2020-05-08","2021-02-28","0","0","0","0","0","0","0","0","0","0","0","0","0","0","0","0","2021-03-01","1","1","1","1","1","1","3","3","3","4","4","2","2","4","3","3","3","3","3","3","4","5","1","0","0","0","0","0","2020-03-16","2020-06-21","2020-10-28","0","0","0","2020-05-30","2020-06-20","0","0","2021-03-16","2020-06-21","0","0","2020-05-30","2020-07-30","0","0","0","0","0","0","2020-03-27","2021-01-13","2020-10-30","2021-04-01","2020-03-19","2020-09-01","0","0","0","2020-03-27","2020-04-16","2020-04-13","0","2020-03-23","0","0","0","2020-03-23","0","0","0","1","1","1","1","0","1","1","1","1","2020-03-13","0","0","0","1","0","0","0","0","2020-05-01","0","0","0","2020-03-17","0","1","1","1","1","0","0","350","950","12","25","2020-05-17","0","-","-","-","2020-07-05","2020-10-10","5602","2","1","1","15600","25200","0.06","5.76","210.98","0","0","0","0","0","0","0","0","0","192.94","10383620","53819","9314","5","14","39","93885","243.6","1","1","0","0","0","0","0","2020-10-27","0","0","0","0","0","7.25","7.25","7.25","7.25","7.25","7.25","7.25","7.25","7.25","2.13","7.25","0","1",53,10488084,39.1,94.4,91.8,0.133694009315715,"D",45084,4.29859257420135
"North Dakota",-20,"ND","38","2020-03-13","0","2020-03-16","0","0","2020-04-06","0","0","0","2020-03-20","2020-11-16","2020-05-01","0","2020-11-14","0","0","0","0","2020-04-28","2021-01-18","0","1","0","0","1","2020-03-21","2020-05-01","0","2020-03-20","2020-05-01","2020-03-20","2020-05-01","2020-03-20","2020-05-01","2020-05-01","0","2020-05-01","2020-12-22","0","0","0","0","0","0","0","0","0","0","0","0","0","2020-03-28","0","2020-09-21","2020-12-31","1A","1A","1A","1A","1A","1A","1A","1A","1B","1B","1B","1B","1B","1C","1B","^","1C","1C","1C","1C","^","^","1","0","0","0","0","0","2020-03-26","2020-04-22","0","0","0","0","0","0","0","0","2020-03-26","2020-04-22","0","0","0","0","0","0","0","0","0","0","0","0","0","0","0","0","0","0","0","2020-04-01","2020-05-01","0","1","2020-03-24","0","0","2020-03-20","2020-03-20","0","0","0","1","0","0","1","0","1","0","0","1","2020-03-12","2020-03-12","2020-06-27","0","1","0","0","0","0","0","0","0","0","2020-04-01","0","1","2","1","0","0","0","618","1218","26","39","2020-05-31","2020-10-03","6.3","263","242","0","0","2795","2","932","0","19500","37900","0.08","9.69","463.06","0","0","0","0","0","0","0","0","1","10.75","760077","70698","557","2.8","10.7","34.6","6445","188.4","1","1","0","0","0","0","1","0","0","0","0","0","0","7.25","7.25","7.25","7.25","7.25","7.25","7.25","7.25","7.25","4.8600000000000003","7.25","0","0",0,762062,35.5,103.9,103.8,0.14139531954093,"R",3100,4.06791048497366
"Ohio",-28,"OH","39","2020-03-09","0","2020-03-17","2020-03-26","2020-05-31","2020-03-11","2020-03-24","0","2020-05-20","2020-03-24","2020-11-19","2020-05-04","1","2020-07-23","0","0","0","1","2020-04-29","0","0","1","2020-04-07","2020-04-07","1","2020-03-16","2020-05-15","1","2020-03-17","2020-05-22","2020-03-17","2020-06-10","2020-03-15","2020-05-15","2020-05-15","0","2020-05-12","2021-02-11","0","0","0","0","0","0","0","0","0","0","0","0","0","0","0","0","2021-03-01","1A","1A","1A","1A","1A","1A","1C","1C","1C","^","^","1B","1B","1C","1B","^","^","^","^","^","^","^","1","0","0","0","0","0","0","0","0","0","0","0","0","0","0","0","0","0","0","0","0","0","0","0","0","0","0","0","0","0","0","0","3/31/2020","2020-07-10","0","0","0","2020-03-26","2020-05-11","2020-04-13","1","2020-04-22","0","0","2020-03-19","2020-03-09","0","0","0","1","1","1","1","0","1","1","1","1","2020-03-10","0","2020-07-08","0","1","0","0","2020-03-18","2020-05-01","0","0","0","0","2020-03-16","0","1","1","1","1","0","0","647","1247","26","39","2020-05-10","2020-12-26","6.7","163","152","2020-06-07","2020-12-12","5390","2","1","0","31200","9000","0.3","9.4","320.75","1","0","0","0","0","0","0","0","1","260.77","11689442","44826","10345","4.9000000000000004","13.9","39.799999999999997","124264","245.1","1","0","0","0","0","0","0","2020-10-31","0","0","0","0","0","8.1","8.1","8.15","8.3000000000000007","8.6999999999999993","8.6999999999999993","8.6999999999999993","8.6999999999999993","8.6999999999999993","4.3499999999999996","8.8000000000000007","1","1",57,11689100,39.6,96.2,93.8,0.1291841116938,"R",41571,3.5563901412427
"Oklahoma",-12,"OK","40","2020-03-15","0","2020-03-17","0","0","2020-03-24","0","2020-04-01","2020-05-15","2020-04-01","2020-11-19","2020-04-24","0","0","0","0","0","0","0","0","0","1","2020-03-23","2020-03-24","1","2020-04-01","2020-05-01","0","2020-04-01","2020-05-01","2020-04-01","2020-05-01","2020-04-01","2020-05-15","2020-04-24","2020-05-01","2020-04-24","2021-01-14","0","0","0","0","0","0","0","0","0","0","0","0","0","2020-03-29","0","2020-05-12","2020-12-10","1","1","2","2","1","1","2","2","2","2","2","2","2","2","2","3","3","3","3","3","4","4","1","0","0","0","0","0","0","0","0","0","0","0","0","0","0","0","0","0","0","0","0","0","0","0","0","0","0","0","2020-03-27","2021-01-13","0","0","0","0","0","0","0","2020-03-30","2020-06-25","2020-04-13","0","2020-03-24","0","0","2020-03-25","2020-03-16","0","0","0","1","0","1","0","0","1","0","1","0","2020-03-13","0","2020-07-30","0","1","0","0","2020-03-24","2020-04-30","0","0","0","0","2020-03-21","2020-10-25","1","1","0","0","0","0","539","1139","26","39","2020-05-31","2020-12-12","5.7","173","178","0","0","1500","2","500","0","10350","18700","0.1","5.5","336.19","1","0","0","0","0","0","0","0","0","56.41","3943079","69899","3944","4.4000000000000004","15.6","40.799999999999997","40933","401.4","1","1","0","1","0","0","0","2020-10-27","0","0","0","0","0","7.25","7.25","7.25","7.25","7.25","7.25","7.25","7.25","7.25","2.13","7.25","1","0",0,3956971,37,98.4,95.8,0.137403079274526,"R",11216,2.83449133187986
"Oregon",-31,"OR","41","2020-03-08","0","2020-03-16","2020-03-25","2020-05-16","2020-03-16","2020-03-23","0","2020-06-19","2020-03-23","0","2020-05-15","0","2020-07-01","0","0","0","1","2020-05-09","0","0","1","2020-03-19","2020-03-19","1","2020-03-18","2020-06-19","0","2020-03-24","2020-06-19","2020-03-24","0","2020-03-17","2020-06-19","2020-06-19","2020-05-15","2020-05-15","0","2020-11-18","2020-11-18","0","0","2020-11-18","2020-11-18","0","0","0","0","0","0","0","0","0","0","2021-02-26","1A","1A","1A","1A","1A","1A","1B","1B","1A","2","1B","1B","1B","1B","1B","1B","1B","1B","1B","1B","2","2","0","0","0","0","0","0","2020-03-19","2020-07-02","2020-10-01","2021-03-04","0","0","2020-04-01","2020-07-01","2020-10-01","2021-03-04","2020-03-19","2020-07-02","0","0","2020-03-22","2020-06-21","0","0","2020-12-23","0","0","0","0","0","0","0","0","0","0","0","0","2020-04-06","2020-04-29","2020-04-13","1","2020-03-25","0","0","2020-03-13","2020-03-13","0","0","0","1","1","1","1","0","1","1","1","1","2020-03-13","2020-03-13","0","1","0","0","0","2020-03-23","2020-05-01","0","0","0","0","2020-11-20","2021-01-03","1","1","1","0","1","0","648","1248","26","39","2020-05-10","2021-02-20","-","-","-","2020-07-05","2020-12-12","1000","2","333","0","24000","42100","0.7","5.4","362.93","0","0","0","0","0","0","0","1","1","42.6","4190713","98379","15876","5","12.6","39.799999999999997","36187","522.29999999999995","1","1","0","0","1","0","0","0","0","0","0","0","0","9.25","9.75","9.75","10.75","11.25","11.25","12","12","12","11.5","12","0","1",84,4217737,39.7,98.2,96.5,0.122334797072459,"D",5796,1.37419663672723
"Pennsylvania",-35,"PA","42","2020-03-06","0","2020-03-16","2020-03-17","2020-06-05","2020-03-17","2020-04-01","0","2020-06-05","2020-03-21","0","2020-06-05","1","2020-07-01","0","0","1","0","2020-04-19","0","0","1","2020-03-18","0","1","2020-03-18","2020-06-05","1","2020-03-21","2020-07-03","2020-03-21","2020-07-03","2020-03-18","2020-06-05","2020-07-03","0","2020-06-05","0","2020-07-16","2020-07-16","2020-12-12","0","2020-12-12","2020-12-12","2021-01-04","0","2021-01-04","2021-01-04","0","0","0","0","2020-11-20","0","2021-01-19","1A","1A","1A","1A","1A","1A","1B","1B","1B","1B","1B","1A","1A","1A","1B","1B","1B","1B","1B","1B","1C","2","1","0","0","0","0","1","2020-03-19","2020-09-01","0","0","0","0","2020-05-11","2020-09-01","0","0","2020-03-19","2020-05-11","0","0","2020-03-19","2020-05-11","0","0","0","0","0","0","2020-03-27","2020-08-25","0","0","2020-03-13","2020-11-09","0","0","0","2020-04-02","2020-05-06","2020-04-10","1","2020-03-27","0","0","2020-03-15","2020-03-20","1","1","0","1","0","1","1","0","0","0","0","1","2020-03-13","0","0","0","1","0","0","2020-03-21","2020-04-27","0","0","0","0","2020-03-27","0","1","1","1","0","0","0","572","1172","26","39","2020-05-03","0","-","-","-","0","0","2718","2","1006","0","12068.35","10000","1.29","9.93","329.27","1","2020-03-25","2020-03-18","0","2019-10-24","0","0","0","1","278.08999999999997","12807060","46054","13199","4.9000000000000004","12.2","39.799999999999997","134702","206.2","1","0","0","0","0","0","0","2020-10-27","2020-03-17","2020-06-09","2020-12-12","2021-01-04","0","7.25","7.25","7.25","7.25","7.25","7.25","7.25","7.25","7.25","2.83","7.25","0","1",65,12801989,40.8,96.1,93.9,0.124983703704167,"D",79436,6.20497330531998
"Rhode Island",-32,"RI","44","2020-03-09","0","0","2020-03-16","2020-06-01","2020-03-13","2020-03-28","0","2020-05-09","2020-03-30","2020-11-08","2020-05-09","0","2020-04-18","0","0","0","1","2020-04-18","0","0","1","2020-05-08","0","1","2020-03-18","2020-05-18","1","2020-03-23","2020-06-01","2020-03-23","2020-06-30","2020-03-17","2020-06-01","2020-06-01","2020-05-30","2020-05-09","2021-01-29","2020-11-30","0","2020-11-30","0","2020-11-30","0","0","0","2020-12-21","2020-12-21","0","0","0","2020-03-26","2020-03-28","0","2021-01-28","1A","1A","1A","1D","1A","1A","1C","1C","1C","^","^","1E","^","^","^","^","^","^","^","^","^","^","1","0","0","0","0","0","2020-03-17","2020-06-02","0","0","0","0","2020-04-08","2020-06-02","0","0","2020-03-17","2020-07-02","0","0","0","0","0","0","0","0","0","0","2020-06-02","2020-07-29","2020-09-04","0","2020-03-17","2020-10-01","0","0","0","2020-03-25","2020-04-10","2020-04-13","1","2020-03-25","2020-03-14","0","2020-03-18","2020-03-18","0","0","1","1","1","1","1","1","1","1","1","1","2020-03-11","0","0","0","0","1","0","0","0","0","0","0","0","2020-03-12","0","1","1","1","1","1","0","732","1332","26","39","2020-04-26","0","-","-","-","2020-06-07","2021-02-20","4200","2","1400","0","15584.42","24000","0.9","9.4","311.44","0","2020-04-13","0","2020-04-13","0","0","0","1","1","684.35","1057315","1545","1055","5.5","12.9","38.299999999999997","10083","409.5","1","1","0","0","0","0","2","2020-10-13","2020-03-22","2020-06-08","2020-11-30","2020-12-21","0","9","9.6","9.6","10.1","10.5","10.5","10.5","10.5","11.5","3.89","11.5","0","1",42,1059361,40.1,95.4,93.1,0.1377056546352,"D",16070,15.1695220043026
"South Carolina",-19,"SC","45","2020-03-13","0","2020-03-16","0","0","2020-03-15","2020-04-07","0","2020-05-04","2020-04-01","0","2020-04-20","1","0","0","1","1","0","2020-08-03","0","0","1","2020-03-21","0","1","2020-03-19","2020-05-04","1","2020-04-01","2020-05-18","2020-04-01","2020-08-03","2020-03-18","2020-05-04","2020-05-18","0","2020-04-20","0","0","0","0","0","0","0","0","0","0","0","0","0","0","2020-03-27","0","2020-05-04","2021-03-02","1A","1A","1A","1A","1A","1A","1B","1B","1B","1B","1B","1A","1A","1B","1B","1B","1B","1B","1B","1B","1C","2","1","0","0","0","0","1","2020-03-17","2020-05-15","0","0","0","0","2020-03-18","2020-05-15","0","0","2020-03-18","2020-05-15","0","0","2020-03-17","2020-05-15","0","0","0","0","0","0","2020-05-15","2021-01-31","0","0","3/18/2020","2020-05-14","0","2020-03-18","2020-05-14","2020-03-24","2020-06-18","2020-04-10","0","2020-03-30","0","0","2020-03-19","2020-03-15","0","0","0","1","1","1","1","0","0","0","0","0","2020-03-12","0","0","0","1","0","0","0","0","0","0","0","0","2020-03-19","0","1","1","0","0","0","0","326","926","20","33","2020-05-24","2020-12-12","5.3","221","161","2020-07-05","2020-10-10","4455","2","1485","0","11700","14000","0","5.4","227.42","0","0","0","0","0","0","0","0","0","158.78","5084127","32020","4172","5.3","15.3","41.4","50640","174.1","1","1","0","1","0","0","0","2020-10-30","2020-04-01","2020-05-22","0","0","0","7.25","7.25","7.25","7.25","7.25","7.25","7.25","7.25","7.25","2.13","7.25","0","1",27,5148714,39.9,93.3,91,0.1283769112054,"R",20237,3.9304960423127
"South Dakota",-17,"SD","46","2020-03-13","0","2020-03-16","0","0","0","0","0","0","0","0","0","0","0","0","0","0","0","0","0","0","1","0","0","1","0","0","0","0","0","0","0","0","0","0","0","0","0","0","0","0","0","0","0","0","0","0","0","0","0","0","0","0","0","2021-03-03","1A","1A","1C","1C","1B","1C","1E","1C","1C","2","2","1D","1D","1D","1D","1D","1E","1E","1E","1E","2","2","1","0","0","0","0","0","0","0","0","0","0","0","0","0","0","0","0","0","0","0","0","0","0","0","0","0","0","0","0","0","0","0","0","0","0","0","0","2020-04-09","2020-06-22","0","1","2020-03-24","0","0","2020-04-15","2020-03-23","0","0","0","1","1","1","0","0","1","1","1","0","2020-03-12","0","0","0","1","0","0","2020-04-06","2020-04-28","0","0","0","0","2020-03-28","1","1","2","1","0","0","0","414","1014","26","39","0","0","-","-","-","0","0","1288","2","560","0","13800","15000","0","9.3000000000000007","292.32","0","0","0","0","0","0","0","0","0","11.44","882235","77116","995","3","13.1","35.299999999999997","7971","179","1","1","0","0","0","0","1","0","0","0","0","0","1","8.5","8.5500000000000007","8.65","8.85","9.3000000000000007","9.3000000000000007","9.3000000000000007","9.3000000000000007","9.3000000000000007","4.6500000000000004","9.4499999999999993","0","0",0,884659,37.7,103.3,100.7,0.130744162439991,"R",5919,6.69071359699048
"Tennessee",-17,"TN","47","2020-03-12","0","2020-03-20","0","0","2020-03-23","2020-04-02","0","2020-04-29","2020-04-01","0","2020-04-27","1","0","0","0","0","0","0","0","0","1","2020-03-23","2020-03-23","1","2020-03-24","2020-04-27","0","2020-03-23","2020-05-01","2020-03-23","2020-05-22","2020-03-23","2020-05-22","2020-05-06","0","2020-04-27","0","0","0","0","0","0","0","0","0","0","0","0","0","0","0","0","0","2021-02-16","1A","1A","1A","1A","1A","1A","1A","1A","2A","3","3","1A","1B","1C","1B","3","2A","2A","3","2B","^","^","1","0","0","0","0","1","2020-03-13","2020-06-01","0","0","0","0","0","0","0","0","2020-03-13","2020-06-01","0","0","0","0","0","0","0","0","0","0","2020-05-26","2021-01-31","0","0","2020-03-27","2020-08-29","0","2020-03-27","2020-08-29","2020-03-24","2020-05-19","0","1","2020-03-30","0","0","2020-03-19","2020-03-13","0","0","0","1","0","1","1","0","1","0","1","0","2020-03-12","0","0","0","0","1","0","2020-03-24","2020-05-01","0","0","0","0","2020-03-19","0","1","1","1","0","1","0","275","875","26","39","2020-05-31","2020-11-07","8.1999999999999993","241","234","0","0","1680","2","900","0","Max Benefit < $300","7000","0.01","10","206.12","1","0","0","0","0","0","0","0","0","160.63999999999999","6770010","42144","7467","5.5","15.3","41.6","71078","153","0","0","1","0","0","0","0","2020-10-27","0","0","0","0","0","7.25","7.25","7.25","7.25","7.25","7.25","7.25","7.25","7.25","2.13","7.25","0","1",27,6829174,39,95.1,92.4,0.128698141239336,"R",31134,4.55897008920845
"Texas",-24,"TX","48","2020-03-13","0","2020-03-21","0","0","2020-03-21","0","2020-04-02","2020-05-01","2020-04-02","0","2020-05-01","1","2020-07-03","0","1","0","0","2020-05-08","2021-03-10","2020-04-27","1","2020-03-19","2020-03-19","1","2020-03-21","2020-05-01","0","2020-03-21","2020-05-18","2020-04-02","2020-05-01","2020-03-21","2020-05-29","2020-05-08","0","2020-05-01","0","2020-06-26","2020-06-26","0","0","0","0","0","2020-10-14","0","0","0","0","0","2020-03-26","0","0","2020-12-17","1A","1A","1A","1A","1A","1A","^","^","^","^","^","1B","1B","1B","^","^","^","^","^","^","^","^","1","0","0","0","0","0","2020-03-19","2020-05-28","0","0","0","0","0","0","0","0","2020-03-19","2020-05-19","0","0","2020-03-19","2020-05-28","0","0","0","0","0","0","2020-03-27","2020-07-26","2020-09-17","2021-01-31","0","0","0","0","0","2020-04-06","2020-05-08","2020-04-10","0","2020-03-30","0","0","2020-03-17","2020-03-17","0","0","0","1","0","1","1","0","0","0","0","0","2020-03-13","2020-03-13","0","0","1","0","0","2020-03-22","2020-05-08","0","0","0","0","2020-03-17","0","1","1","1","1","1","0","521","1121","26","39","2020-05-31","2020-12-26","7.8","223","211","2020-07-05","2020-10-10","2553","2","1","0","11100","9000","0","6","360.39","1","0","0","0","0","0","0","0","0","106.86","28701845","268596","25848","4.9000000000000004","14.9","34.799999999999997","202211","111.8","1","1","1","0","0","0","0","2020-10-23","0","0","0","0","0","7.25","7.25","7.25","7.25","7.25","7.25","7.25","7.25","7.25","2.13","7.25","0","0",0,28995881,35.1,98.5,96.7,0.140068308322827,"R",89065,3.07164317580142
"Utah",-23,"UT","49","2020-03-06","0","2020-03-16","0","0","0","0","0","0","2020-03-27","0","2020-05-01","0","2020-04-10","2020-11-09","0","0","1","2020-04-10","2020-05-01","0","1","0","0","1","2020-03-20","2020-05-01","0","2020-03-27","2020-05-01","2020-03-27","2020-05-01","2020-03-19","2020-05-01","2020-05-01","2020-05-06","2020-05-01","0","0","0","0","0","0","0","0","0","0","0","0","0","0","0","2020-04-10","2020-05-01","2021-01-25","1A","1A","1A","1A","1A","1A","1B","1B","1B","^","^","1B","^","^","1B","^","^","^","^","^","^","^","1","0","0","0","1","0","2020-04-01","2020-05-16","0","0","0","0","0","0","0","0","0","0","0","0","2020-04-01","2020-05-16","0","0","2020-04-01","2020-05-16","0","0","2020-10-02","2021-01-31","2020-10-02","2021-01-31","0","0","0","0","0","2020-04-15","2020-07-09","0","1","2020-04-10","0","0","2020-03-25","2020-03-20","1","1","1","1","1","1","1","1","1","1","1","1","2020-03-12","0","0","0","1","0","0","2020-03-25","2020-04-22","0","0","0","0","2020-04-26","0","0","0","1","0","0","0","580","1180","26","39","2020-06-28","2020-09-26","4.5999999999999996","177","148","0","0","3900","2","1300","0","11895","36600","0","7","364.35","0","0","0","0","0","0","0","0","1","37.229999999999997","3161105","84897","2798","3.2","9","30","18354","335.5","0","1","0","0","1","0","0","0","0","0","0","0","0","7.25","7.25","7.25","7.25","7.25","7.25","7.25","7.25","7.25","2.13","7.25","0","0",0,3205958,31.2,101,99.4,0.163081362887474,"R",14820,4.62264321616191
"Vermont",-37,"VT","50","2020-03-13","0","2020-03-18","2020-03-18","2020-06-01","2020-03-13","2020-03-24","0","2020-05-15","2020-03-25","2020-11-14","2020-04-27","0","2020-08-01","0","0","0","1","2020-04-17","0","0","1","2020-03-20","2020-03-20","1","2020-03-18","2020-05-22","1","2020-03-23","2020-06-01","2020-03-25","2020-06-01","2020-03-17","2020-05-22","2020-05-29","2020-05-23","2020-04-27","2021-04-15","0","0","0","0","0","0","0","0","0","0","0","0","0","2020-06-08","2020-03-30","0","2021-03-02","1A","1A","1A","1A","1A","1A","1A","1A","1C","^","^","1B","1B","1C","1C","^","^","^","^","^","^","^","1","0","0","0","0","0","2020-03-17","2021-01-31","0","0","0","0","2020-05-14","2021-01-31","0","0","2020-03-17","2021-01-31","0","0","2020-05-14","2021-01-31","0","0","0","0","0","0","2020-03-27","2021-01-31","0","0","2020-03-18","2020-10-15","2020-12-22","0","0","2020-03-27","2020-05-04","0","1","2020-03-30","2020-03-20","0","2020-03-20","2020-03-30","0","0","0","1","0","1","1","0","1","0","1","1","2020-03-13","0","0","1","0","0","0","2020-03-20","2020-05-04","0","0","0","0","2020-04-15","0","1","1","1","0","1","0","513","1113","26","39","2020-05-03","2020-12-19","3.5","146","146","2020-07-05","2020-10-10","4019","2","1148","0","13500","16100","0.8","6.5","336.46","0","0","0","0","0","0","0","1","1","65.13","626299","9616","1089","3.8","11","39.1","6027","452.3","0","0","0","0","0","2","2","0","0","0","0","0","0","9.15","9.6","10","10.5","10.96","10.96","10.96","10.96","10.96","5.46","11.75","1","1",52,623989,42.8,98.2,96.2,0.138278078619976,"R",1125,1.8029163975647
"Virginia",-30,"VA","51","2020-03-12","0","2020-03-16","0","0","0","2020-03-30","0","2020-05-29","2020-03-25","2020-12-14","2020-05-29","0","2020-05-29","0","0","1","0","2020-05-29","0","0","1","2020-03-16","2020-03-19","1","2020-03-26","2020-05-29","1","2020-03-25","2020-06-12","2020-03-25","2020-07-01","2020-03-25","2020-05-29","2020-05-29","2020-05-29","2020-05-29","2021-02-28","0","0","0","0","0","0","0","0","0","0","0","0","0","0","0","0","2021-03-03","1A","1A","1A","1A","1A","1A","1B","1B","1B","1B","1B","1B","1B","1B","1B","1C","1B","1B","1B","1B","1C","2","0","0","0","0","0","1","2020-03-16","2020-05-18","2020-06-08","2020-06-29","2020-08-10","2020-09-08","0","0","0","0","2020-03-16","2020-05-18","2020-06-08","2020-06-29","0","0","0","0","0","0","0","0","0","0","0","0","2020-03-16","2020-10-06","0","0","0","2020-03-24","2020-04-25","2020-04-13","1","2020-03-23","0","0","2020-03-19","2020-03-19","0","0","0","1","1","1","1","0","1","1","1","1","2020-03-13","2020-03-13","0","1","0","0","0","2020-03-25","2020-05-01","0","0","0","0","2020-03-17","0","1","1","1","0","0","0","378","978","26","39","2020-05-31","2020-11-21","5.9","219","203","0","0","3000","1","0","0","15000","8000","0.1","6.2","268.11","0","0","0","0","0","0","0","0","1","199.13","8517685","42775","5783","4.2","10.7","35.9","69359","171.9","0","1","0","0","0","0","0","2020-10-23","0","0","0","0","0","7.25","7.25","7.25","7.25","7.25","7.25","7.25","7.25","7.25","2.13","7.25","1","1",60,8535519,38.5,97,94.6,0.130665399491232,"D",55302,6.47904362933291
"Washington",-33,"WA","53","2020-02-29","0","2020-03-17","0","0","2020-03-16","2020-03-23","0","2020-06-01","2020-03-25","0","2020-06-01","0","2020-06-26","0","1","1","0","2020-05-04","0","0","1","2020-03-24","2020-03-24","0","2020-03-16","2020-07-03","0","2020-03-16","2020-08-27","2020-03-16","0","2020-03-17","2020-07-03","2020-07-03","2020-06-01","2020-07-03","0","0","2020-11-18","0","0","2020-11-16","2020-11-18","0","0","0","0","0","0","0","0","0","0","2021-01-18","1A","1A","1A","1A","1A","1A","1B","1B","1B","1B","1B","1B","1B","2","1B","2","1B","1B","1B","2","3","4","0","0","0","1","1","0","2020-03-18","0","0","0","0","0","2020-03-18","0","0","0","0","0","0","0","2020-03-18","0","0","0","0","0","0","0","0","0","0","0","2020-03-23","0","0","2020-03-23","0","2020-03-27","2020-05-22","0","1","2020-03-19","2020-03-10","0","2020-03-25","2020-03-25","1","0","0","1","1","1","1","0","1","1","1","1","2020-03-13","0","0","0","1","0","0","2020-03-19","2020-05-18","0","0","0","0","2020-03-18","2021-01-03","1","1","1","0","0","0","790","1390","26","39","2020-05-03","0","-","-","-","2020-06-07","2020-12-12",".","2","1","0","15584.42","52700","0","5.4","402.28","0","0","0","0","0","0","0","1","1","105.69","7535591","71298","21577","4.3","10.3","35.1","56877","373.3","1","1","0","0","1","0","0","0","0","0","0","0","0","9.4700000000000006","9.4700000000000006","11","11.5","13.5","13.5","13.5","13.5","13.5","13.5","13.69","0","1",70,7614893,37.9,100,98.8,0.122798705116408,"D",25516,3.3508021714816
"West Virginia",-20,"WV","54","2020-03-16","0","2020-03-16","2020-03-26","2020-04-30","2020-08-13","2020-03-24","0","2020-05-05","2020-03-24","0","2020-05-04","1","2020-07-07","0","0","0","1","2020-05-04","0","0","1","2020-03-18","2020-03-18","1","2020-03-19","2020-05-04","1","2020-03-19","2020-05-18","2020-03-24","2020-06-05","2020-03-18","2020-05-26","2020-05-04","0","2020-05-21","0","2020-07-14","0","0","0","0","0","0","0","0","0","0","0","0","2020-03-31","0","2020-05-21","2021-02-17","1A","1A","1C","1C","1A","1B","1B","1B","1B","2","2","1B","1B","2","1D","1D","1D","1D","1D","1D","2","2","1","0","0","0","0","0","2020-03-23","2020-05-18","0","0","0","0","0","0","0","0","2020-03-23","2020-05-18","0","0","0","0","0","0","0","0","0","0","0","0","0","0","0","0","0","0","0","2020-03-27","2020-04-30","0","1","2020-03-30","0","0","2020-03-16","2020-03-17","0","0","0","1","0","0","1","0","0","0","0","0","2020-03-11","0","0","0","0","1","0","2020-04-01","2020-04-27","0","0","0","0","2020-03-19","0","1","1","1","0","0","0","424","1024","26","39","2020-05-03","2020-12-12","8","160","157","0","0","2200","2","1","0","28363.64","12000","1.5","7.5","233.05","1","0","0","0","2020-03-31","2020-03-31","0","0","1","74.53","1805832","24230","1397","5.8","17.8","49.3","23478","127.8","1","0","0","0","0","0","2","2020-10-28","2020-03-18","2020-06-05","0","0","0","8","8.75","8.75","8.75","8.75","8.75","8.75","8.75","8.75","2.62","8.75","1","1",42,1792147,42.9,97.7,96.2,0.120581068405661,"R",2322,1.29565264456543
"Wisconsin",-34,"WI","55","2020-03-12","0","2020-03-18","0","0","0","2020-03-25","0","2020-05-13","2020-03-25","0","2020-05-11","0","2020-08-01","0","1","0","0","2020-08-01","0","0","1","2020-03-20","0","1","2020-03-18","2020-05-13","0","2020-03-25","2020-05-13","2020-03-25","2020-05-13","2020-03-17","2020-05-13","2020-05-13","2020-05-13","2020-05-11","0","0","0","0","0","0","0","0","0","0","0","0","0","0","0","0","0","2021-03-01","1A","1A","1A","1A","1A","1A","1B","1B","1B","1B","1B","1B","1B","^","1B","^","1B","1B","1B","^","^","^","0","0","0","0","0","0","2020-03-27","2020-05-26","0","0","0","0","2020-03-27","2020-05-26","0","0","0","0","0","0","2020-03-27","2020-05-26","0","0","0","0","0","0","0","0","0","0","2020-03-22","0","0","0","0","2020-04-01","2020-04-22","0","1","2020-04-20","0","0","2020-03-17","2020-03-12","1","0","0","1","1","1","1","0","1","1","1","1","2020-03-13","0","0","0","1","0","0","0","0","0","0","0","0","2020-04-21","0","1","1","1","0","0","0","370","970","26","39","2020-05-17","2020-11-07","6.3","185","210","0","0","1890","2","540","0","10500","14000","0","10.7","285.41000000000003","0","0","0","0","0","0","0","0","0","88.76","5813568","65496","4538","3.2","11","36.5","53684","200.2","1","1","0","1","0","0","1","2020-10-29","0","0","0","0","0","7.25","7.25","7.25","7.25","7.25","7.25","7.25","7.25","7.25","2.33","7.25","0","1",49,5822434,39.9,98.7,97.3,0.131680668256609,"D",25461,4.37291345852954
"Wyoming",-18,"WY","56","2020-03-13","0","2020-03-19","2020-03-19","2020-05-01","0","0","0","0","2020-03-19","2020-12-09","2020-05-01","0","0","0","0","0","0","2020-05-01","2021-03-16","0","1","2020-03-30","0","1","2020-03-19","2020-05-15","0","2020-03-19","2020-05-01","2020-03-19","2020-05-15","2020-03-19","2020-05-15","2020-05-01","2020-05-15","0","2021-01-08","0","0","0","0","0","0","0","0","0","0","0","0","0","0","2020-04-03","2020-05-08","2021-03-02","1A","1A","1A","1A","1A","1A","1A","1A","1A","1C","1C","1B","1B","1B","1B","1C","1B","1B","1B","1B","1C","2","0","0","0","0","0","0","0","0","0","0","0","0","0","0","0","0","0","0","0","0","0","0","0","0","0","0","0","0","0","0","0","0","0","0","0","0","0","2020-04-01","2020-04-16","0","0","2020-03-27","0","0","0","0","0","0","0","1","0","1","0","0","1","0","1","0","2020-03-18","0","0","1","0","0","0","0","0","0","0","0","1","0","0","0","0","1","0","0","0","508","1108","26","39","2020-06-21","2020-09-19","7.1","192","182","0","0","3880","2","1109","0","10500","26400","0","8.5","422.19","0","0","0","0","0","0","0","0","0","5.91","577737","97813","548","3.9","11.1","36.4","5070","343.2","1","1","0","0","0","0","1","0","0","0","0","0","0","5.15","7.25","7.25","7.25","7.25","7.25","7.25","7.25","7.25","2.13","7.25","0","0",0,578759,38.1,104.7,103.5,0.131966846303902,"R",1077,1.86087818936725
